a;positive;0.3125;sonoro
a;positive;0.3125;banale
a;neutral;0.416666666667;integrale
a;neutral;0.416666666667;intero
a;neutral;0.416666666667;totale
a;neutral;0.3125;generale
a;neutral;0.3125;complessivo
a;neutral;0.3125;globale
v;neutral;0.3125;svuotare
v;neutral;0.3125;vuotare
a;negative;0.3125;dispendioso
a;negative;0.3125;caro
a;negative;0.3125;costoso
a;negative;0.3125;salare
n;neutral;0.3125;oggetto
n;neutral;0.3125;cosa
r;neutral;0.3125;celermente
r;neutral;0.3125;velocemente
r;neutral;0.3125;veloce
r;neutral;0.3125;rapidamente
r;neutral;0.3125;prestare
r;neutral;0.3125;in_fretta
v;positive;0.3125;capeggiare
v;positive;0.3125;essere_alla_guida
v;positive;0.3125;essere_a_capo
v;positive;0.3125;coordinare
v;positive;0.3125;comandare
v;positive;0.3125;dirigere
v;positive;0.3125;condurre
v;positive;0.3125;guidare
n;neutral;0.3125;casa
n;neutral;0.3125;abitazione
n;neutral;0.3125;dimorare
n;neutral;0.3125;tetto
n;neutral;0.3125;magione
n;neutral;0.3125;ostello
n;positive;0.3125;piacere
n;positive;0.3125;attività_ricreativa
n;positive;0.3125;trastullare
n;positive;0.3125;sollazzare
n;positive;0.3125;ricreazione
n;positive;0.3125;svagare
n;positive;0.3125;passatempo
n;positive;0.3125;divertimento
a;negative;0.3125;imbellire
a;negative;0.3125;timido
a;negative;0.3125;inerme
n;positive;0.3125;potenza
n;positive;0.3125;energia
n;positive;0.3125;forzare
v;negative;0.3125;colpire
a;positive;0.3125;utile
n;neutral;0.3125;break
n;neutral;0.3125;interruzione
n;neutral;0.3125;cesura
n;neutral;0.3125;sospensione
n;neutral;0.3125;intermezzo
n;neutral;0.3125;staccare
n;neutral;0.3125;intervallare
n;neutral;0.3125;pausa
n;neutral;0.3125;laico
v;neutral;0.3125;ridurre
v;neutral;0.3125;riportare
v;neutral;0.3125;ricondurre
v;positive;0.3125;ornare
v;positive;0.3125;adornare
v;positive;0.3125;addobbare
v;positive;0.3125;guarnire
v;positive;0.3125;decorare
v;neutral;0.3125;volere
v;neutral;0.3125;desiderare
n;positive;0.3125;intrattenimento
n;positive;0.3125;trattenimento
n;positive;0.3125;party
n;positive;0.3125;festa
n;positive;0.3125;ricevimento
a;positive;0.416666666667;largire
n;neutral;0.3125;borsa
v;negative;0.3125;perdere
a;positive;0.416666666667;autenticare
a;positive;0.416666666667;originale
n;positive;0.3125;comprensione
n;positive;0.3125;intendimento
n;positive;0.3125;intelletto
n;positive;0.3125;menta
n;positive;0.3125;intelligenza
v;neutral;0.3125;chiudere
v;neutral;0.3125;contenere
v;neutral;0.3125;racchiudere
v;neutral;0.3125;comprendere
v;neutral;0.3125;adunare
a;positive;0.3125;lieve
v;positive;0.3125;splendere
v;positive;0.3125;brillare
v;positive;0.3125;ridere
a;positive;0.3125;saggiare
a;positive;0.3125;moderare
a;positive;0.3125;quadrare
a;positive;0.3125;equilibrare
a;positive;0.3125;assennato
a;positive;0.3125;sensato
a;positive;0.3125;ragionevole
a;positive;0.3125;savio
a;positive;0.3125;longilineo
a;positive;0.3125;alto
a;positive;0.3125;slanciare
a;negative;0.3125;cattivare
a;negative;0.3125;inefficiente
a;negative;0.3125;difettoso
a;negative;0.3125;manchevole.
a;negative;0.3125;impotente
v;negative;0.3125;commettere
v;negative;0.3125;perpetrare
v;neutral;0.3125;oltrepassare
v;neutral;0.3125;superare
v;positive;0.3125;scavalcare
v;positive;0.3125;battere
v;positive;0.3125;vincere
v;positive;0.3125;superare
a;negative;0.3125;brevilineo
a;negative;0.3125;basso
a;positive;0.3125;ottimista
a;positive;0.3125;speranzoso
a;positive;0.3125;ottimistico
a;negative;0.416666666667;inquietare
a;neutral;1.0;bloccare
a;neutral;1.0;invariabile
a;neutral;1.0;fissare
a;negative;0.3125;grezzo
a;negative;0.3125;grossolano
a;negative;0.3125;grosso
a;positive;0.3125;filantropico
a;positive;0.3125;fornire
a;positive;0.3125;dotare
a;positive;0.3125;provvisto
a;positive;0.3125;ideale
a;positive;0.3125;perfetto
a;neutral;0.3125;inamovibile
a;neutral;0.3125;immobile
a;neutral;0.3125;fissare
n;neutral;0.3125;vuotare
n;neutral;0.3125;cavità
n;neutral;0.3125;incavare
a;positive;1.0;felice
v;positive;0.3125;studiare
v;positive;0.3125;imparare
v;positive;0.3125;apprendere
n;neutral;0.3125;mano
n;neutral;0.3125;pannicolo
n;neutral;0.3125;strato
a;negative;0.3125;inclemente
a;negative;0.3125;intransigente
a;negative;0.3125;ferreo
a;negative;0.3125;severo
a;negative;0.3125;austero
a;negative;0.3125;inflessibile
a;negative;0.3125;rigido
a;negative;0.3125;durare
a;negative;0.3125;tetro
a;negative;0.3125;tenebroso
a;negative;0.3125;cupo
v;neutral;0.3125;diro
v;neutral;0.3125;comandare
v;neutral;0.3125;ordinare
n;positive;0.3125;potenza
n;positive;0.3125;potere
n;positive;0.3125;facoltà
a;positive;0.3125;forte
a;negative;0.3125;litigioso
a;negative;0.3125;attaccabrighe
a;negative;0.3125;rissoso
a;negative;0.3125;garoso
a;negative;0.625;imporre
a;negative;0.625;gigantesco
n;neutral;0.3125;fresco
a;positive;0.3125;vigilare
a;positive;0.3125;presentire
a;positive;0.3125;attentare
a;positive;0.3125;vigile
v;neutral;0.3125;applicare
a;negative;0.3125;esiguo
a;negative;0.3125;povero
a;negative;0.3125;scarso
a;negative;0.3125;insufficiente
a;negative;0.3125;gramo
a;positive;0.416666666667;largire
a;positive;0.416666666667;prodigare
a;positive;0.416666666667;generoso
a;negative;0.3125;basso
a;negative;0.3125;sprovvedere
a;negative;0.3125;inesperto
a;negative;0.3125;incompetente
a;positive;0.3125;bonaccione
a;positive;0.3125;pacificare
a;positive;0.3125;mite
a;positive;0.3125;leggero
v;neutral;0.3125;trattare
a;negative;0.3125;tristo
a;negative;0.3125;feroce
a;negative;0.3125;empiere
a;negative;0.3125;crudo
a;negative;0.3125;perverso
a;negative;0.3125;terribile
a;negative;0.3125;perfido
a;negative;0.3125;scellerato
a;negative;0.3125;crudele
a;negative;0.3125;malvagio
a;negative;0.3125;disumanare
a;negative;0.3125;selvaggio
n;positive;0.3125;capitale
n;positive;0.3125;orare
n;positive;0.3125;denaro
n;positive;0.3125;merce
n;positive;0.3125;ricchezza
n;positive;0.3125;sostanza
n;positive;0.3125;patrimonio
n;positive;0.3125;possesso
n;positive;0.3125;possedimento
n;positive;0.3125;bene
n;positive;0.3125;bene
a;positive;0.3125;potere
n;neutral;0.3125;camera
n;neutral;0.3125;vano
n;neutral;0.3125;locale
n;neutral;0.3125;ambiente
n;neutral;0.3125;stanza
a;negative;1.0;indecifrabile
a;negative;1.0;cabalistico
a;negative;1.0;occultare
n;positive;0.3125;simpatia
n;positive;0.3125;inclinazione
n;positive;0.3125;propensione
n;positive;0.3125;debole
v;neutral;0.3125;rimetterci
v;neutral;0.3125;perdere
a;negative;0.416666666667;flebile
a;negative;0.416666666667;fioco
a;positive;0.3125;munifico
a;positive;0.3125;magnanimo
a;positive;0.3125;altruista
a;positive;0.3125;generoso
r;positive;0.3125;abilmente
a;positive;0.3125;colmare
a;positive;0.3125;gravido
a;positive;0.3125;caricare
a;positive;0.3125;completare
a;positive;0.3125;pieno
a;positive;0.3125;precisare
v;neutral;0.3125;trascorrere
v;neutral;0.3125;passare
r;neutral;0.3125;ampiamente
r;neutral;0.3125;estesamente
r;neutral;0.3125;vastamente
r;neutral;0.3125;largamente
a;negative;0.3125;voglioso
a;negative;0.3125;desideroso
a;negative;0.3125;avido
a;negative;0.3125;bramoso
a;negative;0.3125;ansioso
n;neutral;0.3125;pungere
n;neutral;0.3125;stadio
n;neutral;0.3125;fase
v;neutral;0.3125;scorrere
v;neutral;0.3125;passare
v;neutral;0.3125;comperare
v;neutral;0.3125;acquistare
v;neutral;0.3125;comprare
v;neutral;0.3125;passare
v;positive;0.3125;conseguire
v;positive;0.3125;ottenere
r;negative;0.3125;illegalmente
r;negative;0.3125;illegittimamente
r;negative;0.3125;illecitamente
r;negative;0.3125;abusivamente
r;negative;0.3125;indebitamente
r;negative;0.3125;ingiustamente
n;positive;0.3125;mirare
n;positive;0.3125;traguardo
n;positive;0.3125;finalità
n;positive;0.3125;obiettivare
n;positive;0.3125;meta
n;positive;0.3125;proponimento
n;positive;0.3125;scopare
n;positive;0.3125;fino
n;positive;0.3125;oggetto
a;positive;0.625;fondare
a;positive;0.625;giustificare
v;neutral;0.3125;superare
v;neutral;0.3125;scavalcare
n;neutral;0.3125;umile
a;negative;0.625;faticoso
n;neutral;0.3125;baciare
n;neutral;0.3125;conca
n;neutral;0.3125;avvallamento
n;neutral;0.3125;depressione
v;neutral;0.3125;stare
v;neutral;0.3125;abitare
v;neutral;0.3125;vivere
v;neutral;0.3125;dimorare
v;neutral;0.3125;risiedere
v;neutral;0.3125;passare
n;neutral;0.3125;senso
n;neutral;0.3125;sensazione
n;negative;0.3125;faticare
n;negative;0.3125;sforzare
a;positive;0.625;alto
a;positive;0.625;intenso
a;positive;0.625;forte
a;positive;0.3125;ricco
a;positive;0.3125;fertile
a;positive;0.3125;pingue
a;positive;0.3125;grasso
n;neutral;0.3125;rilevanza
n;neutral;0.3125;portare
n;neutral;0.3125;significare
n;neutral;0.3125;serietà
n;neutral;0.3125;pendere
n;neutral;0.3125;mole
n;neutral;0.3125;valore
n;neutral;0.3125;risonanza
n;neutral;0.3125;spiccare
n;neutral;0.3125;risaltare
n;neutral;0.3125;clamore
n;neutral;0.3125;interesse
n;neutral;0.3125;rilievo
n;neutral;0.3125;importanza
a;neutral;0.625;frammentario
a;neutral;0.625;parziale
a;neutral;0.625;incompiuto
a;neutral;0.625;incompleto
n;negative;0.3125;impazienza
n;neutral;0.3125;insetto
a;positive;0.3125;nutrire
a;positive;0.3125;abbondare
a;positive;0.3125;ricco
a;positive;0.3125;copioso
a;positive;0.3125;opulento
a;positive;0.3125;cospicuo
a;positive;0.3125;ingente
a;positive;0.3125;luculliano
a;positive;0.3125;grosso
a;positive;0.3125;buono
v;negative;0.3125;misconoscere
a;neutral;0.3125;straordinario
n;neutral;0.3125;rapportare
n;neutral;0.3125;legame
n;neutral;0.3125;relazione
v;neutral;0.3125;fermare
v;neutral;0.3125;arginare
v;neutral;0.3125;contenere
v;neutral;0.3125;arrestare
v;neutral;0.3125;bloccare
v;negative;0.3125;lacerare
v;negative;0.3125;strappare
v;negative;0.3125;fendere
v;negative;0.3125;astringere
v;negative;0.3125;forzare
v;negative;0.3125;costringere
v;negative;0.3125;coartare
v;negative;0.3125;obbligare
v;negative;0.3125;tornare_alla_carica
v;negative;0.3125;incocciarsi
v;negative;0.3125;intestardirsi
v;negative;0.3125;insistere
v;negative;0.3125;perseverare
v;negative;0.3125;persistere
v;negative;0.3125;impuntarsi
v;negative;0.3125;intestarsi
v;negative;0.3125;ostinarsi
v;positive;0.3125;ottenere
v;positive;0.3125;trovare
v;positive;0.3125;ricevere
a;positive;0.3125;avviare
a;positive;0.3125;fruttifero
a;positive;0.3125;fiorire
a;positive;0.3125;prosperare
a;positive;0.3125;redditizio
a;positive;0.3125;fruttuoso
a;negative;0.3125;barbarico
a;negative;0.3125;barbaro
n;neutral;0.3125;lineare
n;neutral;0.3125;metodico
n;neutral;0.3125;tattico
n;neutral;0.3125;strategia
n;neutral;0.3125;metodologia
n;neutral;0.3125;metodo
n;neutral;0.3125;sistemare
n;neutral;0.3125;linea di condotta
n;neutral;0.3125;profilare
n;neutral;0.3125;bordare
a;negative;0.3125;tardare
a;negative;0.3125;lento
a;negative;0.3125;grave
a;negative;0.3125;lungo
n;neutral;0.3125;sparare
n;neutral;0.3125;fuoco
n;neutral;0.3125;tirare
n;neutral;0.3125;sparare
n;neutral;0.3125;colpo
v;neutral;0.3125;fare
n;neutral;0.3125;suonare
n;neutral;0.3125;termine
n;neutral;0.3125;vocabolo
n;neutral;0.3125;parola
a;positive;0.3125;buono
a;positive;0.3125;validare
a;positive;0.3125;monolitico
a;positive;0.3125;compattare
a;positive;0.3125;consistere
a;positive;0.3125;solido
a;positive;0.3125;coerente
a;positive;0.3125;sodare
n;neutral;0.3125;religioso
n;neutral;0.3125;chierico
n;neutral;0.3125;ecclesiastico
n;neutral;0.3125;uomo di chiesa
v;neutral;0.3125;disunire
v;neutral;0.3125;disgiungere
v;neutral;0.3125;dividere
v;neutral;0.3125;separare
r;neutral;0.3125;estensivamente
r;neutral;0.3125;ampiamente
v;positive;0.3125;conoscere
v;positive;0.3125;sapere
a;positive;0.3125;buono
n;neutral;0.3125;gruppo
n;neutral;0.3125;complesso
n;neutral;0.3125;lucere
n;positive;0.3125;innocente
n;neutral;0.3125;ordine
n;neutral;0.3125;ordine_religioso
a;positive;0.416666666667;definitivo
n;neutral;0.3125;teoria
n;neutral;0.3125;convincimento
n;neutral;0.3125;ideare
n;neutral;0.3125;concetto
n;neutral;0.3125;vedere
n;neutral;0.3125;punto_di_vista
n;neutral;0.3125;parere
n;neutral;0.3125;opinione
n;neutral;0.3125;convinzione
a;negative;0.3125;ininfluente
a;negative;0.3125;insignificante
a;negative;1.0;interessare
a;negative;1.0;attaccare
a;negative;1.0;dedito
v;neutral;0.3125;tacere
a;negative;0.3125;blando
a;negative;0.3125;immondo
a;negative;0.3125;lerciare
a;negative;0.3125;sozzo
a;negative;0.3125;sordido
a;negative;0.3125;lurido
a;negative;0.3125;laido
a;negative;0.3125;lordare
a;negative;0.3125;sudicio
a;negative;0.3125;sporcare
v;neutral;0.3125;fare
a;negative;0.3125;cattivare
a;negative;0.3125;scadere
a;negative;0.3125;andare
a;negative;0.3125;ordinario
v;neutral;0.3125;fare_divenire
v;neutral;0.3125;fare_diventare
v;neutral;0.3125;fare
v;neutral;0.3125;rendere
a;positive;0.3125;distinguere
a;positive;0.3125;eccellere
a;positive;0.3125;egregio
a;positive;0.3125;ottimare
a;positive;0.3125;superlativo
n;neutral;0.3125;intrecciare
n;neutral;0.3125;modellare
n;neutral;0.3125;schematizzazione
n;neutral;0.3125;rudimento
n;neutral;0.3125;quadrare
n;neutral;0.3125;bozzetto
n;neutral;0.3125;tracciare
n;neutral;0.3125;tracciare
n;neutral;0.3125;sommario
n;neutral;0.3125;canovaccio
n;neutral;0.3125;bozza
n;neutral;0.3125;abbozzare
n;neutral;0.3125;tramare
n;neutral;0.3125;schema
a;negative;0.625;piatto
a;negative;0.625;insulso
a;negative;0.625;scialbare
a;negative;0.625;grigio
a;negative;0.625;squallido
a;positive;0.3125;candidare
a;positive;0.3125;innocente
a;positive;0.3125;ingenuo
a;positive;0.3125;semplice
a;positive;0.3125;disarmare
n;neutral;0.3125;pungere
v;neutral;0.3125;impartire
v;neutral;0.3125;assegnare
v;neutral;0.3125;affidare
v;neutral;0.3125;dare
a;positive;0.3125;flessuoso
a;positive;0.3125;elastico
a;positive;0.3125;agile
a;positive;0.3125;sciogliere
n;positive;0.3125;festa
n;positive;0.3125;festività
a;negative;0.3125;cattivare
n;neutral;0.3125;municipio
n;neutral;0.3125;comune
n;negative;0.3125;reato
n;negative;0.3125;misfatto
n;negative;0.3125;crimine
n;negative;0.3125;delitto
n;neutral;0.3125;comune
n;neutral;0.3125;municipio
v;positive;0.3125;disserrare
v;positive;0.3125;aprire
r;positive;0.3125;furbamente
r;positive;0.3125;abilmente
r;positive;0.3125;astutamente
n;neutral;0.3125;pungere
n;neutral;0.3125;luogo
v;positive;0.3125;apprendere
v;positive;0.3125;intendere
v;positive;0.3125;comprendere
v;positive;0.3125;capire
v;neutral;0.3125;sfruttare
n;negative;0.3125;anomalia
n;negative;0.3125;malformazione
n;negative;0.3125;deformazione
v;positive;0.3125;lasciare
a;negative;0.3125;adulterare
a;negative;0.3125;sofisticare
n;neutral;0.3125;partecipazione
n;neutral;0.3125;comunicazione
n;positive;0.3125;varietà
n;positive;0.3125;raccogliere
n;positive;0.3125;scegliere
n;positive;0.3125;assortimento
n;positive;0.3125;collezione
n;positive;0.3125;aggregazione
a;negative;0.416666666667;dipendere
n;neutral;0.3125;manco
n;neutral;0.3125;mano
n;neutral;0.3125;turno
n;negative;0.3125;dominanza
n;negative;0.3125;autorità
n;negative;0.3125;supremazia
n;negative;0.3125;prepotere
n;negative;0.3125;predominio
n;negative;0.3125;dominazione
n;negative;0.3125;giogo
n;negative;0.3125;dominio
v;positive;0.3125;elogiare
v;positive;0.3125;encomiare
v;positive;0.3125;lodare
a;neutral;0.416666666667;intero
a;neutral;0.416666666667;compiere
a;neutral;0.416666666667;completare
a;neutral;0.416666666667;esaustivo
v;neutral;0.3125;ricolmare
v;neutral;0.3125;colmare
v;neutral;0.3125;empire
v;neutral;0.3125;riempire
n;neutral;0.3125;umile
a;negative;0.3125;incauto
a;negative;0.3125;imprudente
v;neutral;0.3125;smettere
v;neutral;0.3125;cessare
a;negative;0.3125;restringere
a;negative;0.3125;limitare
a;negative;0.3125;stringere
a;negative;0.3125;angusto
v;negative;0.3125;precludere
v;negative;0.3125;vietare
v;negative;0.3125;proibire
v;neutral;0.3125;vincere
v;neutral;0.3125;sconfiggere
v;neutral;0.3125;battere
v;neutral;0.3125;superare
v;neutral;0.3125;appuntare
v;neutral;0.3125;applicare
v;neutral;0.3125;dirigere
v;neutral;0.3125;volgere
v;neutral;0.3125;rivolgere
a;neutral;0.3125;comune
a;neutral;0.3125;correre
a;neutral;0.3125;diffondere
a;positive;0.416666666667;sensitivo
a;positive;0.416666666667;emotivo
a;positive;0.416666666667;sensibile
v;negative;0.3125;smarrire
v;negative;0.3125;sperdere
v;negative;0.3125;perdere
n;positive;0.3125;S.
n;positive;0.3125;santo
n;positive;0.3125;santo
a;positive;0.3125;affabile
a;positive;0.3125;cordiale
a;positive;0.3125;gioviale
v;neutral;0.3125;diro
a;positive;0.416666666667;progressista
a;positive;0.3125;splendente
a;positive;0.3125;chiaro
a;positive;0.3125;luminoso
v;negative;0.3125;fottere
v;negative;0.3125;avvolgere
v;negative;0.3125;avvolvere
v;negative;0.3125;carrucolare
v;negative;0.3125;mettere_nel_sacco
v;negative;0.3125;buscherare
v;negative;0.3125;minchionare
v;negative;0.3125;circondurre
v;negative;0.3125;giocare
v;negative;0.3125;turlupinare
v;negative;0.3125;gabbare
v;negative;0.3125;cuccare
v;negative;0.3125;ciurmare
v;negative;0.3125;buggerare
v;negative;0.3125;ingannare
v;negative;0.3125;infinocchiare
v;negative;0.3125;imbrogliare
v;negative;0.3125;aggirare
v;negative;0.3125;raggirare
v;negative;0.3125;accalappiare
v;negative;0.3125;abbindolare
v;negative;0.3125;coglionare
v;positive;0.3125;pungere
v;positive;0.3125;sospingere
v;positive;0.3125;persuadere
v;positive;0.3125;muovere
v;positive;0.3125;indurre
v;positive;0.3125;incoraggiare
v;positive;0.3125;incitare
v;positive;0.3125;spronare
v;positive;0.3125;spingere
a;neutral;0.3125;caldo
n;positive;0.3125;fino
n;positive;0.3125;conclusione
n;positive;0.3125;riuscire
n;positive;0.3125;esitare
a;positive;0.3125;ragionevole
a;positive;0.3125;conveniente
a;positive;0.3125;economico
a;positive;0.3125;a buon mercato
v;positive;0.3125;essere_vivo
v;positive;0.3125;vivere
r;positive;0.3125;probabilmente
r;positive;0.3125;possibilmente
r;positive;0.3125;verosimilmente
a;positive;0.416666666667;astrarre
a;positive;0.416666666667;irreale
a;positive;0.416666666667;utopico
n;neutral;0.3125;ufizio
n;neutral;0.3125;uffizio
n;neutral;0.3125;offizio
n;neutral;0.3125;officiare
n;neutral;0.3125;qualificare
n;neutral;0.3125;caricare
n;neutral;0.3125;mansione
n;neutral;0.3125;ufficiare
n;positive;0.3125;contare
n;positive;0.3125;qualità
n;positive;0.3125;valore
np;positive;0.3125;Cupido
a;positive;0.3125;lucidare
a;positive;0.3125;lustrare
a;positive;0.3125;brillare
a;positive;0.3125;lucere
v;neutral;0.3125;sfruttare
a;positive;0.3125;cauto
a;positive;0.3125;prudere
a;positive;0.3125;oculato
a;positive;0.3125;sagace
a;positive;0.3125;avvedere
a;positive;0.3125;accorgere
a;positive;0.3125;ideale
a;negative;0.3125;umile
n;negative;0.3125;casa_circondariale
n;negative;0.3125;casa_di_reclusione
n;negative;0.3125;galera
n;negative;0.3125;prigione
n;negative;0.3125;reclusorio
n;negative;0.3125;penitenziario
n;negative;0.3125;casa_di_pena
n;negative;0.3125;casa_di_detenzione
n;negative;0.3125;carcere
n;negative;0.3125;gattabuia
a;neutral;0.3125;radicale
a;neutral;0.3125;assoluto
a;neutral;0.3125;totale
a;neutral;0.3125;completare
a;neutral;0.3125;pieno
a;neutral;0.3125;nettare
a;neutral;0.3125;profondare
v;negative;0.3125;subornare
v;negative;0.3125;corrompere
v;negative;0.3125;ungere
n;negative;0.3125;fatturare
n;negative;0.3125;stregoneria
n;negative;0.3125;incantesimo
a;negative;0.3125;trascurabile
a;negative;0.3125;inessenziale
a;negative;0.3125;sprovvisto
a;negative;0.3125;privare
n;neutral;0.3125;totalità
n;neutral;0.3125;sistemare
n;neutral;0.3125;sommare
n;neutral;0.3125;totale
n;neutral;0.3125;complesso
a;negative;0.3125;esangue
a;negative;0.3125;debole
a;negative;0.3125;fiaccare
a;negative;0.3125;languido
a;negative;0.3125;torpido
a;neutral;0.3125;prossimo
a;neutral;0.3125;primo
v;negative;0.3125;strozzare
v;negative;0.3125;strangolare
a;negative;0.3125;esile
a;negative;0.3125;fragile
a;negative;0.3125;gracile
a;negative;0.3125;stentare
a;negative;0.3125;debole
v;negative;0.3125;prendere_d'assalto
v;negative;0.3125;dare_l'assalto
v;negative;0.3125;oppugnare
v;negative;0.3125;aggredire
v;negative;0.3125;assaltare
v;negative;0.3125;attaccare
v;negative;0.3125;assalire
a;positive;0.3125;ameno
a;positive;0.3125;piacevole
a;positive;0.3125;gradevole
a;neutral;0.3125;breve
a;neutral;0.3125;conciso
a;neutral;0.3125;succingere
a;neutral;0.3125;asciutto
a;neutral;0.3125;sintetico
a;neutral;0.3125;essenziale
a;neutral;0.3125;laconico
n;negative;0.3125;cabala
n;negative;0.3125;truffare
n;negative;0.3125;intrigare
n;negative;0.3125;rete
n;negative;0.3125;pania
n;negative;0.3125;turlupinatura
n;negative;0.3125;imbrogliare
n;negative;0.3125;raggirare
n;negative;0.3125;ingannare
n;negative;0.3125;operazione_chirurgica
n;negative;0.3125;operazione
n;negative;0.3125;intervento
n;neutral;0.3125;sollevamento
a;negative;0.3125;vano
a;negative;0.3125;inefficace
v;neutral;0.3125;dividere
n;neutral;0.3125;comico
n;neutral;0.3125;ridicolo
n;neutral;0.3125;comicità
v;negative;0.3125;disporre
n;neutral;0.3125;piare
n;neutral;0.3125;esternare
n;neutral;0.3125;superficie
v;neutral;0.3125;eccettuare
a;positive;0.3125;frettoloso
a;positive;1.0;comprensibile
a;negative;0.416666666667;torbido
a;negative;0.416666666667;equivocare
a;negative;0.416666666667;ambiguo
a;negative;1.0;infelice
a;negative;1.0;inappropriato
a;negative;1.0;inopportuno
a;negative;0.416666666667;delinquenziale
a;negative;0.416666666667;delittuoso
a;negative;0.416666666667;criminoso
a;negative;0.416666666667;criminale
a;negative;0.3125;arbitrario
a;negative;0.3125;ingiustificato
a;positive;0.3125;seriare
a;positive;0.3125;coscienzioso
a;positive;0.3125;giudizioso
a;positive;0.3125;responsabile
a;neutral;0.3125;differire
a;neutral;0.3125;ineguale
a;neutral;0.3125;disuguale
a;neutral;0.3125;imparare
a;neutral;0.3125;immenso
a;neutral;0.3125;enorme
a;negative;0.3125;viscido
a;negative;0.3125;tortuoso
a;negative;0.3125;obliquo
a;negative;0.3125;subdolo
a;negative;0.3125;ambiguo
a;negative;0.3125;doppiare
a;negative;0.3125;sfuggire
a;negative;0.3125;sornione
a;negative;0.3125;vano
a;negative;0.3125;vanesio
a;negative;0.3125;vanitoso
a;negative;0.3125;fatuo
a;negative;0.3125;preoccupare
a;negative;0.3125;inquietare
a;negative;0.3125;grave
a;neutral;0.625;largire
a;neutral;0.625;abbondare
a;neutral;0.625;ampio
a;neutral;0.625;sciogliere
v;positive;0.3125;suscitare
v;positive;0.3125;destare
v;negative;0.3125;menare
v;negative;0.3125;scuotere
v;negative;0.3125;vibrare
v;negative;0.3125;dimenare
v;negative;0.3125;agitare
v;negative;0.3125;divincolare
a;positive;0.416666666667;nominale
n;positive;0.3125;salutazione
n;positive;0.3125;salutare
a;neutral;0.3125;alternare
a;neutral;0.3125;discontinuo
a;neutral;0.3125;intermittente
v;neutral;0.3125;fare
v;neutral;0.3125;produrre
v;neutral;0.3125;emettere
n;neutral;0.3125;natale
n;neutral;0.3125;fonte
n;neutral;0.3125;barlume
n;neutral;0.3125;aurora
n;neutral;0.3125;albore
n;neutral;0.3125;albore
n;neutral;0.3125;alba
n;neutral;0.3125;principiare
n;neutral;0.3125;esordio
n;neutral;0.3125;nascita
n;neutral;0.3125;prima_fase
n;neutral;0.3125;primordio
n;neutral;0.3125;origine
n;neutral;0.3125;primo_periodo
n;neutral;0.3125;iniziare
a;negative;0.3125;diffidente
a;negative;0.3125;sospettoso
a;negative;0.3125;tracotante
a;negative;0.3125;presuntuoso
a;negative;0.3125;altezzoso
a;negative;0.3125;arrogare
a;negative;0.3125;spavaldo
n;negative;0.3125;contrazione
n;negative;0.3125;contrattura
a;positive;0.416666666667;sufficiente
v;neutral;0.3125;trattare
a;positive;0.416666666667;ridurre
n;negative;0.3125;urgere
n;negative;0.3125;percosso
n;negative;0.3125;colpo
a;negative;0.3125;scorretto
a;negative;0.3125;sbagliare
v;neutral;0.3125;tenere_un_comportamento
v;neutral;0.3125;condursi
v;neutral;0.3125;fare
v;neutral;0.3125;contenersi
v;neutral;0.3125;agire
v;neutral;0.3125;comportarsi
v;negative;0.3125;disimparare
r;negative;0.3125;bruscamente
r;negative;0.3125;repentinamente
r;negative;0.3125;inaspettatamente
r;negative;0.3125;a sorpresa
r;negative;0.3125;all'improvviso
r;negative;0.3125;improvvisamente
v;neutral;0.3125;tornare
v;neutral;0.3125;ridiventare
v;neutral;0.3125;ritornare
n;neutral;0.3125;spalla
n;neutral;0.3125;braccio_destro
n;neutral;0.3125;aiutare
n;neutral;0.3125;aiutare
n;neutral;0.3125;assistere
a;neutral;0.3125;contingente
a;neutral;0.3125;casuale
r;positive;0.3125;vezzosamente
r;positive;0.3125;graziosamente
r;positive;0.3125;aggraziatamente
v;neutral;0.3125;sviluppare
v;neutral;0.3125;fare
v;neutral;0.3125;produrre
v;neutral;0.3125;determinare
v;neutral;0.3125;cagionare
v;neutral;0.3125;creare
v;neutral;0.3125;provocare
v;negative;0.3125;infliggere
v;negative;0.3125;dare
a;positive;0.3125;dolce
v;neutral;0.3125;ultimare
v;neutral;0.3125;portare_a_compimento
v;neutral;0.3125;finire
v;neutral;0.3125;terminare
v;neutral;0.3125;portare_a_termine
v;neutral;0.3125;condurre_a_termine
v;neutral;0.3125;concludere
v;neutral;0.3125;fare
v;neutral;0.3125;esaurire
v;neutral;0.3125;raccostare
v;neutral;0.3125;avvicinare
v;neutral;0.3125;accostare
v;neutral;0.3125;appressare
v;neutral;0.3125;appropinquare
a;positive;0.416666666667;drastico
a;positive;0.416666666667;categorico
a;negative;0.3125;stringere
a;negative;0.3125;pressare
a;negative;0.3125;irrefrenabile
a;negative;0.3125;incontenibile
a;negative;0.3125;impellente
a;negative;0.3125;prepotere
a;negative;0.3125;estremo
a;negative;0.3125;erroneo
a;negative;0.3125;errare
v;negative;0.3125;spillare
v;negative;0.3125;succhiare
v;negative;0.3125;sfruttare
v;negative;0.3125;mungere
n;negative;0.3125;errore
n;negative;0.3125;sbagliare
n;negative;0.3125;fallare
n;negative;0.3125;mancanza
n;negative;0.3125;sgarrare
n;negative;0.3125;abbarbagliamento
n;negative;0.3125;reato
n;neutral;0.3125;formare
n;neutral;0.3125;improntare
n;neutral;0.3125;mano
n;neutral;0.3125;guisa
n;neutral;0.3125;stile
n;neutral;0.3125;maniera
a;positive;0.3125;intelligente
a;negative;0.3125;sventare
a;negative;0.3125;smemorare
a;negative;0.3125;sbadato
a;negative;0.3125;deconcentrare
a;negative;0.3125;svagare
a;negative;0.3125;disattento
a;negative;0.3125;distrarre
a;negative;0.3125;assorto
a;negative;0.3125;assentire
a;negative;0.3125;svampito
a;negative;0.3125;sciroccato
a;neutral;0.3125;istantaneo
a;neutral;0.3125;immediato
a;neutral;0.3125;rapido
a;neutral;0.3125;pronto
a;neutral;0.3125;fulmineo
a;negative;0.3125;inconsistente
a;negative;0.3125;cedevole
a;negative;0.3125;perdere
a;negative;0.3125;corrompere
a;negative;0.3125;peccaminoso
a;negative;0.3125;vizioso
a;neutral;0.625;esplicitare
a;neutral;0.625;patire
a;neutral;0.625;manifestare
a;neutral;0.625;dichiarare
a;negative;0.3125;irriflessivo
a;negative;0.3125;inconsiderato
a;negative;0.3125;avventare
a;negative;0.3125;precipitoso
a;negative;0.3125;sconsiderato
a;negative;0.3125;incosciente
v;neutral;0.3125;percorrere
v;neutral;0.3125;attraversare
v;neutral;0.3125;sfruttare
a;neutral;0.3125;sciogliere
a;neutral;0.3125;lento
a;neutral;0.3125;allentare
a;positive;1.0;geniale
a;positive;1.0;buono
a;positive;1.0;intelligente
a;positive;1.0;acuto
a;neutral;0.3125;estremo
a;neutral;0.3125;ultimare
v;negative;0.3125;privare
v;negative;0.3125;togliere
a;neutral;0.625;variabile
a;neutral;0.3125;statico
a;neutral;0.3125;fermare
a;neutral;0.3125;immobile
v;neutral;0.3125;uscire
a;negative;0.416666666667;inidoneo
v;neutral;0.3125;passare
a;negative;1.0;esausto
n;neutral;0.3125;cultore
n;neutral;0.3125;studioso
n;neutral;0.3125;intellettuale
v;negative;0.3125;battere
a;neutral;0.625;inconsueto
a;neutral;0.625;inusuale
a;neutral;0.625;insolito
v;neutral;0.3125;venire_giù
v;neutral;0.3125;cadere
v;neutral;0.3125;scendere
a;negative;0.625;fumoso
a;negative;0.625;recondito
a;negative;0.625;misterioso
a;negative;0.625;oscurare
v;neutral;0.3125;passare
a;positive;0.3125;imperturbabile
a;positive;0.3125;serenare
a;positive;0.3125;tranquillare
a;positive;0.3125;rilassare
a;positive;0.3125;olimpico
a;positive;0.3125;placido
a;positive;0.3125;calmare
a;positive;0.3125;soave
a;positive;0.3125;quietare
a;neutral;0.3125;domestico
a;neutral;0.3125;famigliare
a;neutral;0.3125;familiare
a;positive;0.625;soffice
a;positive;0.625;molla
a;positive;0.625;morbido
a;negative;0.3125;zuccone
a;negative;0.3125;testone
a;negative;0.3125;babbeo
a;negative;0.3125;sempliciotto
a;negative;0.3125;minchione
a;negative;0.3125;tonto
a;positive;0.3125;responsabile
v;negative;0.3125;soggiogare
v;negative;0.3125;sopraffare
v;negative;0.3125;vincere
v;negative;0.3125;dominare
v;negative;0.3125;controllare
a;negative;0.416666666667;sconcertare
a;negative;0.416666666667;sconvolgere
a;negative;0.416666666667;scombussolare
n;negative;0.3125;roba
n;negative;0.3125;sostanza_stupefacente
n;negative;0.3125;stupefare
n;negative;0.3125;drogare
a;positive;0.3125;lucidare
a;positive;0.3125;cosciente
a;positive;0.3125;consapevole
a;negative;0.625;irritare
a;negative;0.625;esasperare
a;negative;0.625;indisporre
r;positive;0.3125;giocondamente
r;positive;0.3125;gaiamente
r;positive;0.3125;allegramente
r;positive;0.3125;spensieratamente
n;neutral;0.3125;saliente
n;neutral;0.3125;gobbo
n;neutral;0.3125;protuberanza
n;neutral;0.3125;sporgenza
n;neutral;0.3125;prominenza
a;negative;0.3125;depravare
a;negative;0.3125;dissipare
a;negative;0.3125;dissoluto
a;negative;0.3125;scostumato
a;neutral;0.3125;iniziale
n;positive;0.3125;larghezza
n;positive;0.3125;dovizia
n;positive;0.3125;abbondanza
n;positive;0.3125;ricchezza
v;negative;0.3125;colpire
n;positive;0.3125;sbalordimento
n;positive;0.3125;stupefazione
n;positive;0.3125;stupore
n;positive;0.3125;meravigliare
a;negative;0.3125;pauroso
a;negative;0.3125;timoroso
a;negative;0.3125;oscurare
a;negative;0.3125;scurire
n;neutral;0.3125;connessione
n;neutral;0.3125;denominatore_comune
n;neutral;0.3125;correlazione
n;neutral;0.3125;riferimento
n;neutral;0.3125;collegamento
n;neutral;0.3125;rapportare
n;neutral;0.3125;nesso
n;neutral;0.3125;legame
n;neutral;0.3125;relazione
n;neutral;0.3125;fedele
n;neutral;0.3125;credere
n;neutral;0.3125;religioso
n;positive;0.3125;consenso
n;positive;0.3125;concertare
n;positive;0.3125;concordanza
n;positive;0.3125;intendere
n;positive;0.3125;armonia
n;positive;0.3125;concordia
n;positive;0.3125;accordare
a;neutral;0.3125;consueto
a;neutral;0.3125;familiare
a;neutral;0.3125;notare
v;neutral;0.3125;discendere
v;neutral;0.3125;scendere
a;positive;0.416666666667;immancabile
a;positive;0.416666666667;inevitabile
a;neutral;0.3125;spostabile
a;neutral;0.3125;trasferibile
a;neutral;0.3125;movibile
a;neutral;0.3125;trasportabile
a;positive;0.3125;ammissibile
a;positive;0.3125;giustificabile
a;positive;0.3125;comprensibile
a;positive;0.3125;tollerabile
a;negative;0.3125;strampalato
a;negative;0.3125;balzare
a;negative;0.3125;bislacco
a;negative;0.3125;strambo
a;negative;0.3125;originale
a;negative;0.3125;strano
a;negative;0.3125;eccentrico
a;negative;0.3125;bizzarro
a;negative;0.3125;stravagante
a;negative;0.3125;pazzo
a;negative;0.3125;infelice
a;negative;0.3125;tristo
a;negative;0.3125;prepotere
n;neutral;0.3125;motivare
n;neutral;0.3125;tematico
n;neutral;0.3125;oggetto
n;neutral;0.3125;materia
n;neutral;0.3125;temere
n;neutral;0.3125;argomentare
n;neutral;0.3125;soggetto
n;neutral;0.3125;contenere
n;neutral;0.3125;pennuto
n;neutral;0.3125;volatile
n;neutral;0.3125;uccellare
n;neutral;0.3125;augello
a;negative;0.625;sconoscere
a;negative;0.3125;servile
a;negative;0.3125;abbietto
a;negative;0.3125;indegno
a;negative;0.3125;vile
a;negative;0.3125;spregevole
a;negative;0.3125;abietto
a;negative;0.3125;basso
n;neutral;0.3125;pegno
n;neutral;0.3125;rialzare
n;neutral;0.3125;sollevamento
n;neutral;0.3125;capitale
a;negative;0.3125;stolto
a;negative;0.3125;stolido
a;negative;0.3125;imbecille
a;negative;0.3125;cretino
a;negative;0.3125;stupidire
n;neutral;0.3125;mano
n;positive;0.3125;appoggiare
n;positive;0.3125;sostegno
n;positive;0.3125;supportare
a;positive;0.416666666667;sostanzioso
v;neutral;0.3125;selezionare
v;neutral;0.3125;scegliere
a;positive;0.3125;delicato
a;positive;0.3125;gentile
a;positive;0.3125;fino
v;negative;0.3125;guastare
v;negative;0.3125;rovinare
v;negative;0.3125;ledere
v;negative;0.3125;nuocere
v;negative;0.3125;danneggiare
v;neutral;0.3125;tenera
v;neutral;0.3125;contare
v;neutral;0.3125;ritenere
v;neutral;0.3125;stimare
v;neutral;0.3125;considerare
v;neutral;0.3125;reputare
v;neutral;0.3125;valutare
v;neutral;0.3125;trovare
v;neutral;0.3125;giudicare
a;neutral;0.3125;delicato
a;neutral;0.3125;fragile
n;positive;0.3125;detersione
n;positive;0.3125;pulitura
n;positive;0.3125;pulizia
n;neutral;0.3125;partizione
n;neutral;0.3125;partire
a;negative;0.3125;inammissibile
a;negative;0.3125;incomprensibile
a;negative;0.3125;ingiustificabile
a;negative;0.3125;intollerabile
a;negative;0.3125;ambiguo
n;neutral;0.3125;sfidare
n;neutral;0.3125;incontrare
n;neutral;0.3125;match
n;neutral;0.3125;partire
a;negative;0.3125;torbido
a;negative;0.3125;inquinare
a;negative;0.3125;impuro
r;negative;0.3125;negligentemente
r;negative;0.3125;pigramente
r;negative;0.3125;svogliatamente
r;negative;0.3125;indolentemente
r;negative;0.3125;accidiosamente
v;neutral;0.3125;mettere
v;neutral;0.3125;diro
v;neutral;0.3125;supporre
v;neutral;0.3125;ammettere
n;neutral;0.3125;mistura
n;neutral;0.3125;miscellaneo
n;neutral;0.3125;mix
n;neutral;0.3125;agglomerare
n;neutral;0.3125;amalgamare
n;neutral;0.3125;pasticciare
n;neutral;0.3125;impastare
n;neutral;0.3125;mistione
n;neutral;0.3125;mescolare
n;neutral;0.3125;melange
n;neutral;0.3125;comporre
n;neutral;0.3125;miscelare
n;neutral;0.3125;misto
n;neutral;0.3125;miscuglio
n;neutral;0.3125;mescolanza
n;neutral;0.3125;pastone
a;negative;0.416666666667;adombrare
a;negative;0.416666666667;accigliare
a;negative;0.416666666667;turbare
a;negative;0.416666666667;fosco
a;negative;0.416666666667;scurire
a;negative;0.3125;dubbioso
a;negative;0.3125;incerto
a;negative;0.3125;esitare
a;negative;0.3125;indeciso
a;negative;0.3125;insicuro
a;negative;0.3125;irresoluto
a;negative;0.3125;titubare
a;negative;0.3125;perplesso
a;negative;0.3125;sospendere
v;neutral;0.3125;prendere
r;positive;0.3125;immediatamente
r;positive;0.3125;istantaneamente
r;positive;0.3125;prontamente
r;positive;0.3125;subire
r;positive;0.3125;all'istante
a;positive;0.3125;estendere
a;positive;0.3125;vasto
a;positive;0.3125;largire
a;positive;0.3125;ampio
a;positive;0.3125;aprire
a;positive;0.3125;fresco
a;negative;0.3125;schiavo
a;negative;0.3125;sottomettere
a;positive;1.0;frequentare
v;neutral;0.3125;viaggiare
n;neutral;0.3125;comune
v;neutral;0.3125;mescolare
v;neutral;0.3125;fare
n;positive;0.3125;curare
n;positive;0.3125;assistenza
n;positive;0.3125;ausilio
n;positive;0.3125;aiutare
a;negative;0.3125;petulante
a;negative;0.3125;invadere
a;negative;0.3125;importunare
a;negative;0.3125;curiosare
a;negative;0.3125;indiscreto
n;negative;0.3125;colpo
v;neutral;0.3125;fare
v;negative;0.3125;ubbriacare
v;negative;0.3125;ubriacare
v;negative;0.3125;frastornare
v;negative;0.3125;stordire
v;negative;0.3125;inebriare
a;positive;0.3125;bonario
a;positive;0.3125;benigno
a;positive;0.3125;buono
a;positive;0.3125;benevolo
a;positive;0.3125;affettuoso
n;neutral;0.3125;convogliare
n;neutral;0.3125;treno
n;neutral;0.3125;imbecille
n;neutral;0.3125;balordo
n;neutral;0.3125;badalone
n;neutral;0.3125;piccione
n;neutral;0.3125;testa_di_rapa
n;neutral;0.3125;pesce_lesso
n;neutral;0.3125;merlo
n;neutral;0.3125;pollare
n;neutral;0.3125;semplicione
n;neutral;0.3125;stupidire
n;neutral;0.3125;scemare
n;neutral;0.3125;babbeo
n;neutral;0.3125;tonto
n;neutral;0.3125;sempliciotto
n;neutral;0.3125;scioccare
n;neutral;0.3125;baggiano
n;neutral;0.3125;bamboccio
n;neutral;0.3125;tordo
n;neutral;0.3125;partigiano
n;neutral;0.3125;combattere
n;neutral;0.3125;resistere
v;neutral;0.3125;venire_fuori
v;neutral;0.3125;uscire
a;negative;0.3125;insufficiente
a;negative;0.3125;inadatto
a;negative;0.3125;inadeguato
a;negative;0.3125;inappropriato
a;negative;0.3125;disadatto
v;neutral;0.3125;fare
a;negative;0.3125;distaccare
a;negative;0.3125;tiepido
a;negative;0.3125;sordo
a;negative;0.3125;arido
a;negative;0.3125;insensibile
a;negative;0.3125;indifferente
a;negative;0.3125;freddare
a;positive;0.3125;malleabile
a;positive;0.3125;docile
a;positive;0.3125;sottomettere
a;negative;0.625;indistinto
a;negative;0.625;nebuloso
a;negative;0.625;confondere
a;negative;0.3125;irresponsabile
a;positive;0.3125;celebre
a;positive;0.3125;famoso
v;neutral;0.3125;comunicare
n;neutral;0.3125;basso
n;neutral;0.3125;fondare
v;neutral;0.3125;passare
v;neutral;0.3125;accalorare
v;neutral;0.3125;scaldare
v;neutral;0.3125;eccitare
v;neutral;0.3125;infiammare
v;neutral;0.3125;riscaldare
a;positive;0.3125;mite
a;positive;0.3125;mansueto
a;positive;0.3125;quietare
a;positive;0.3125;giusto
n;neutral;0.3125;duellare
n;neutral;0.3125;concorrere
n;neutral;0.3125;confrontare
n;neutral;0.3125;competizione
n;neutral;0.3125;provare
n;neutral;0.3125;gara
a;neutral;0.3125;rinnovare
a;neutral;0.3125;costare
a;neutral;0.3125;incessante
a;neutral;0.3125;continuare
a;neutral;0.3125;assiduo
a;neutral;0.3125;precisare
a;neutral;0.3125;determinare
a;neutral;0.3125;particolare
a;neutral;0.3125;specificare
v;neutral;0.3125;asseverare
v;neutral;0.3125;sostenere
v;neutral;0.3125;dare_per_certo
v;neutral;0.3125;asserire
v;neutral;0.3125;affermare
v;neutral;0.3125;troncare
v;neutral;0.3125;interrompere
a;negative;0.416666666667;anomalo
a;negative;0.416666666667;irregolare
a;negative;0.416666666667;anormale
a;neutral;0.3125;saldare
a;neutral;0.3125;immobile
a;neutral;0.3125;fermare
a;negative;0.3125;fugace
a;negative;0.3125;caduco
a;negative;0.3125;labile
a;negative;0.3125;deciduo
a;negative;0.3125;irruento
a;negative;0.3125;veemente
a;negative;0.3125;violentare
a;negative;0.3125;irruento
a;negative;0.3125;aggressivo
a;negative;1.0;deserto
a;negative;1.0;vuotare
v;positive;0.3125;colloquiare
v;positive;0.3125;dialogare
v;positive;0.3125;discorrere
v;positive;0.3125;parlare
v;positive;0.3125;conferire
n;neutral;0.3125;superficie
n;neutral;0.3125;formare
n;neutral;0.3125;esteriorità
n;neutral;0.3125;sembianza
n;neutral;0.3125;apparenza
n;neutral;0.3125;aspettare
n;neutral;0.3125;configurazione
a;negative;0.625;retrogrado
a;negative;0.625;conservatore
a;negative;0.625;tradizionalista
a;negative;0.3125;basso
a;negative;0.3125;grave
a;negative;0.3125;sordo
a;negative;0.3125;cupo
a;negative;0.3125;profondare
n;neutral;0.3125;timore
n;neutral;0.3125;reverenza
n;neutral;0.3125;venerazione
n;neutral;0.3125;soggezione
n;neutral;0.3125;riverenza
a;positive;0.3125;attrarre
a;positive;0.3125;avvenire
n;neutral;0.3125;alto
a;neutral;0.625;errare
a;neutral;0.625;vagare
a;neutral;0.625;erratico
a;positive;0.3125;irreale
a;positive;0.3125;immaginario
a;positive;0.3125;fantasticare
v;neutral;0.3125;passare
a;negative;0.3125;bambinesco
a;negative;0.3125;immaturo
a;negative;0.3125;fanciullesco
a;negative;0.3125;puerile
a;negative;0.3125;infantile
a;negative;0.3125;spiacevole
a;negative;0.3125;sgradevole
a;negative;0.3125;cattivare
v;neutral;0.3125;trasferirsi
v;neutral;0.3125;passare
n;neutral;0.3125;scalpore
n;neutral;0.3125;rumore
n;neutral;0.3125;fama
a;negative;0.625;estraneo
v;positive;0.3125;solleticare
v;positive;0.3125;stimolare
v;positive;0.3125;stuzzicare
v;neutral;0.3125;dilatarsi
v;neutral;0.3125;spandersi
v;neutral;0.3125;estendersi
v;neutral;0.3125;propagarsi
v;neutral;0.3125;spargersi
v;neutral;0.3125;correre
v;neutral;0.3125;circolare
v;neutral;0.3125;diffondersi
v;neutral;0.3125;girare
a;neutral;0.3125;sacro
n;neutral;0.3125;piare
n;neutral;0.3125;livellare
n;neutral;0.3125;grado
v;neutral;0.3125;pigliare
v;neutral;0.3125;prendere
a;negative;0.3125;oscurare
a;positive;0.416666666667;certo
v;negative;0.416666666667;ricusare
v;neutral;0.3125;prendere_in_considerazione
v;neutral;0.3125;prendere_in_esame
v;neutral;0.3125;studiare
v;neutral;0.3125;analizzare
v;neutral;0.3125;considerare
v;neutral;0.3125;esaminare
n;neutral;0.3125;coda
n;neutral;0.3125;conclusione
n;neutral;0.3125;chiudere
n;neutral;0.3125;terminazione
n;neutral;0.3125;chiusura
n;neutral;0.3125;termine
n;neutral;0.3125;fino
n;neutral;0.3125;cucciolo
n;neutral;0.3125;piccolo
a;negative;0.3125;raffermare
a;negative;0.3125;stantio
v;neutral;0.3125;intensificarsi
v;neutral;0.3125;aumentare
v;neutral;0.3125;ingrandirsi
v;neutral;0.3125;crescere
v;neutral;0.3125;salire
v;neutral;0.3125;accentuarsi
a;neutral;0.3125;piccolo
a;negative;0.3125;demente
a;negative;0.3125;dissennato
a;negative;0.3125;mentecatto
a;negative;0.3125;matto
a;negative;0.3125;folla
a;negative;0.3125;pazzo
v;negative;0.3125;piangere
v;negative;0.3125;lacrimare
n;neutral;0.3125;calore
n;neutral;0.3125;caldo
a;positive;0.3125;rapido
a;positive;0.3125;veloce
v;neutral;0.3125;spingere
v;neutral;0.3125;imprimere_un_movimento
a;neutral;0.3125;indifferente
v;neutral;0.3125;attingere
v;neutral;0.3125;addivenire
v;neutral;0.3125;giungere
v;neutral;0.3125;raggiungere
v;neutral;0.3125;arrivare
v;neutral;0.3125;pervenire
v;neutral;0.3125;venire
a;negative;0.3125;improbabile
a;negative;0.3125;inimmaginabile
a;negative;0.3125;incredibile
a;positive;0.3125;estremo
a;positive;0.3125;grande
a;positive;0.3125;eccezionale
v;positive;0.3125;concedere
v;positive;0.3125;riconoscere
v;positive;0.3125;accettare
v;positive;0.3125;ammettere
a;neutral;0.3125;strano
a;neutral;0.3125;unico
a;neutral;0.3125;inusitato
a;neutral;0.3125;anomalo
a;neutral;0.3125;singolare
a;neutral;0.3125;straordinario
a;neutral;0.3125;inconsueto
a;neutral;0.3125;insolito
a;neutral;0.3125;curiosare
a;negative;0.3125;defunto
a;negative;0.3125;morire
a;negative;0.3125;scomparire
a;negative;0.3125;trapassare
a;positive;0.416666666667;consonare
a;positive;0.416666666667;adeguare
a;positive;0.3125;discernere
a;neutral;0.416666666667;succingere
a;neutral;0.416666666667;scollare
a;neutral;0.416666666667;corto
v;neutral;0.3125;adoperarsi
v;neutral;0.3125;impegnarsi
v;neutral;0.3125;darsi_da_fare
v;neutral;0.3125;lottare
n;neutral;0.3125;particolare
v;positive;0.3125;fare_prendere
v;positive;0.3125;conferire
v;positive;0.3125;dare
r;neutral;0.3125;sicuramente
r;neutral;0.3125;certamente
a;neutral;0.416666666667;ignaro
a;neutral;0.416666666667;inconsapevole
a;negative;0.3125;inutile
v;positive;0.625;rispettare
v;neutral;0.3125;stimolare
v;neutral;0.3125;generare
v;neutral;0.3125;suscitare
v;neutral;0.3125;provocare
v;neutral;0.3125;eccitare
v;neutral;0.3125;risvegliare
r;neutral;0.3125;adempiutamente
r;neutral;0.3125;completamente
r;neutral;0.3125;del_tutto
r;neutral;0.3125;interamente
r;neutral;0.3125;radicalmente
r;neutral;0.3125;totalmente
r;neutral;0.3125;assolutamente
r;neutral;0.3125;esaustivamente
n;neutral;0.3125;grave
a;positive;0.3125;canonico
a;positive;0.3125;regolare
a;positive;0.3125;normale
n;neutral;0.3125;scusare
n;neutral;0.3125;scusare
n;neutral;0.3125;giustificazione
a;positive;0.3125;compire
a;positive;0.3125;educare
a;positive;0.3125;garbare
a;positive;0.3125;cortese
a;positive;0.3125;gentile
a;negative;0.3125;impulsivo
a;negative;0.3125;collerico
a;negative;0.3125;sanguigno
v;neutral;0.3125;lavorare
v;neutral;0.3125;trattare
v;neutral;0.3125;maneggiare
n;neutral;0.3125;leggere
a;negative;0.3125;calcolatore
a;negative;0.3125;scaltrire
n;neutral;0.3125;comune
a;positive;0.3125;pieno
r;neutral;0.3125;indietro
a;negative;1.0;deludere
a;negative;1.0;malcontento
a;negative;1.0;scontentare
a;negative;1.0;insoddisfatto
a;positive;0.3125;scrupoloso
a;neutral;0.3125;fino
n;positive;0.3125;rezzo
n;positive;0.3125;frescura
n;positive;0.3125;fresco
a;positive;0.3125;sublime
a;positive;0.3125;sovrano
a;positive;0.3125;sommare
a;positive;0.3125;eccelso
a;positive;0.3125;supremo
a;neutral;0.625;atipico
a;positive;0.3125;innovatore
a;positive;0.3125;audace
a;positive;0.3125;avanzare
a;neutral;0.3125;raro
a;negative;0.3125;ridicolo
v;neutral;0.3125;spalmare
a;neutral;0.625;incorporeo
a;neutral;0.625;immateriale
a;neutral;0.625;spirituale
v;neutral;0.3125;espellere
v;neutral;0.3125;sviluppare
v;neutral;0.3125;trattare
v;positive;0.3125;fruttare
v;positive;0.3125;rendere
v;positive;0.3125;dare
v;positive;0.3125;fare
v;positive;0.3125;produrre
a;neutral;0.3125;nascondere
a;neutral;0.3125;velare
a;neutral;0.3125;coprire
a;neutral;0.3125;segreto
a;neutral;0.3125;profondare
v;neutral;0.3125;lasciare_cadere
v;neutral;0.3125;reclinare
v;neutral;0.3125;abbandonare
a;positive;0.3125;mirabile
a;positive;0.3125;ammirabile
a;positive;0.3125;ammirevole
v;neutral;0.3125;unire
v;neutral;0.3125;aggiungere
a;positive;0.3125;pulire
a;positive;0.3125;nettare
n;neutral;0.3125;specie
n;neutral;0.3125;tipo
n;neutral;0.3125;razza
v;negative;0.3125;stressare
v;negative;0.3125;traumatizzare
v;negative;0.3125;sconvolgere
v;negative;0.3125;impressionare
v;negative;0.3125;colpire
v;negative;0.3125;scioccare
v;neutral;0.3125;avere_a_che_fare
v;neutral;0.3125;trattare
v;neutral;0.3125;essere in contatto
a;neutral;0.3125;essenziale
a;positive;0.3125;ricco
a;positive;0.3125;pieno
a;neutral;0.416666666667;usuale
n;positive;0.3125;scuola
n;positive;0.3125;magistero
n;positive;0.3125;educazione
n;positive;0.3125;istruzione
n;positive;0.3125;insegnamento
a;negative;0.3125;adiposo
a;negative;0.3125;pingue
a;negative;0.3125;grasso
a;negative;0.3125;obeso
v;neutral;0.3125;fermare
v;neutral;0.3125;fissare
a;negative;0.625;incerto
a;negative;0.625;dubbio
a;negative;0.3125;machiavellico
a;negative;0.3125;furbo
a;negative;0.3125;astuto
a;negative;0.3125;abile
a;negative;0.3125;volpino
n;negative;0.3125;bramare
n;negative;0.3125;bramosia
n;negative;0.3125;volere
n;negative;0.3125;desiderio
a;negative;0.3125;iniquo
a;negative;0.3125;ingiusto
a;positive;0.3125;esatto
a;positive;0.3125;giusto
a;positive;0.3125;correggere
n;negative;0.3125;ammalare
n;negative;0.3125;malato
v;neutral;0.3125;assicurare
v;neutral;0.3125;giurare
v;negative;0.3125;bruciare
a;neutral;0.3125;infedele
a;neutral;0.3125;gentile
a;neutral;0.3125;pagare
n;neutral;0.3125;partizione
n;neutral;0.3125;ripartizione
n;neutral;0.3125;frazionamento
n;neutral;0.3125;divisione
a;negative;0.416666666667;esasperare
v;neutral;0.3125;discutere
v;neutral;0.3125;polemizzare
n;neutral;0.3125;suonare
n;neutral;0.3125;acquiescenza
n;neutral;0.3125;obbedienza
n;neutral;0.3125;cedevolezza
n;neutral;0.3125;ubbidienza
n;neutral;0.3125;soggezione
n;neutral;0.3125;sottomissione
n;neutral;0.3125;sommissione
n;neutral;0.3125;docilità
n;neutral;0.3125;arrendevolezza
n;positive;0.3125;divertimento
a;positive;0.416666666667;pesare
a;negative;0.3125;sregolare
a;negative;0.3125;smoderato
a;negative;0.3125;eccessivo
a;negative;0.3125;scatenare
a;negative;0.3125;sfrenare
a;negative;0.3125;clamoroso
a;negative;0.3125;smodato
v;neutral;0.3125;pigiare
v;neutral;0.3125;spingere
v;neutral;0.3125;premere
a;positive;0.3125;ilare
a;positive;0.3125;spensierato
a;positive;0.3125;giocondo
a;positive;0.3125;gaio
a;positive;0.3125;allegro
n;negative;0.3125;delicatezza
n;negative;0.3125;astenia
n;negative;0.3125;fiacchezza
n;negative;0.3125;gracilità
n;negative;0.3125;fragilità
n;negative;0.3125;debolezza
n;negative;0.3125;atonia
n;neutral;0.3125;comune
n;neutral;0.3125;comunità
n;neutral;0.3125;cittadinanza
v;neutral;0.3125;edificare
v;neutral;0.3125;fabbricare
v;neutral;0.3125;costruire
n;neutral;0.3125;marmocchio
n;neutral;0.3125;pargolo
n;neutral;0.3125;bimbo
n;neutral;0.3125;ragazzetto
n;neutral;0.3125;ragazzino
n;neutral;0.3125;piccolo
n;neutral;0.3125;fanciullo
n;neutral;0.3125;bambino
n;neutral;0.3125;sbarbatello
n;neutral;0.3125;mariolo
n;neutral;0.3125;responsabile
n;negative;0.3125;contrazione
n;negative;0.3125;calare
n;negative;0.3125;flessione
n;negative;0.3125;abbassamento
n;negative;0.3125;minorazione
n;negative;0.3125;riduzione
n;negative;0.3125;decremento
n;negative;0.3125;calare
n;negative;0.3125;diminuzione
a;negative;0.3125;villano
a;negative;0.3125;cafone
a;negative;0.3125;zotico
a;negative;0.3125;rozzo
a;negative;0.416666666667;sboccare
a;neutral;0.3125;aderire
a;neutral;0.3125;stringere
a;neutral;0.3125;attillare
n;negative;0.3125;mancanza
n;negative;0.3125;perdita_di_conoscenza
n;negative;0.3125;defaillance
n;negative;0.3125;incoscienza
n;negative;0.3125;ottenebramento
n;negative;0.3125;perdita_di_coscienza
n;negative;0.3125;deliquio
n;negative;0.3125;obnubilazione
n;negative;0.3125;svenimento
n;negative;0.3125;perdita_dei_sensi
n;negative;0.3125;collassare
n;negative;0.3125;mancamento
a;negative;0.3125;arcigno
a;negative;0.3125;scorbutico
a;negative;0.3125;intrattabile
a;negative;0.3125;scostare
a;negative;0.3125;difficile
a;negative;0.3125;scontroso
a;negative;0.3125;ruvido
a;negative;0.3125;legnoso
a;positive;0.3125;semplice
a;positive;0.3125;elementare
a;positive;0.3125;facile
a;neutral;0.3125;involontario
a;neutral;0.3125;inconsapevole
a;neutral;0.3125;automatico
a;neutral;0.3125;istintivo
n;negative;0.3125;rumore
a;neutral;0.3125;immune
a;neutral;0.3125;resistere
n;neutral;0.3125;infedele
n;neutral;0.3125;gentile
n;neutral;0.3125;pagare
a;negative;0.3125;umile
a;negative;0.3125;modesto
a;negative;0.3125;dimettere
a;negative;0.3125;semplice
v;negative;0.3125;provocare
v;negative;0.3125;cagionare
v;negative;0.3125;causare
n;positive;0.3125;rialzare
n;positive;0.3125;crescita
n;positive;0.3125;incrementare
n;positive;0.3125;aumentare
n;positive;0.3125;accrescimento
a;negative;0.3125;tristo
a;negative;0.3125;irritabile
a;negative;0.3125;irascibile
a;negative;0.3125;iroso
a;negative;0.3125;iracondo
a;negative;0.3125;bilioso
a;negative;0.3125;fumare
a;positive;0.416666666667;fidare
v;positive;0.3125;congegnare
v;positive;0.3125;ideare
v;positive;0.3125;immaginare
v;positive;0.3125;concepire
v;neutral;0.3125;differenziare
v;neutral;0.3125;separare
v;neutral;0.3125;discernere
v;neutral;0.3125;distinguere
a;negative;0.625;mestare
n;neutral;0.3125;dichiarazione
n;neutral;0.3125;affermazione
n;neutral;0.3125;strutturare
n;neutral;0.3125;costruzione
a;positive;0.416666666667;praticare
a;negative;1.0;arcano
a;negative;1.0;criptico
a;negative;1.0;inesplicabile
a;negative;1.0;incomprensibile
a;negative;1.0;misterioso
a;positive;0.3125;addomesticare
a;positive;0.3125;domestico
a;negative;0.625;composito
a;negative;0.625;complesso
v;neutral;0.3125;spingere
a;neutral;0.3125;fino
n;negative;0.3125;responsabile
n;negative;0.3125;reo
n;negative;0.3125;colpevole
a;positive;0.3125;lepido
a;positive;0.3125;ironico
a;positive;0.3125;ameno
a;positive;0.3125;divertire
a;positive;0.3125;brioso
a;positive;0.3125;arguto
a;positive;0.3125;spiritoso
v;positive;0.3125;intensificare
v;positive;0.3125;aumentare
v;positive;0.3125;ingrandire
v;positive;0.3125;incrementare
v;neutral;0.3125;aumentare
a;negative;0.3125;sofferente
a;negative;0.3125;affettare
a;negative;0.3125;infermare
a;negative;0.3125;ammalare
a;negative;0.3125;malato
a;positive;0.3125;beare
a;positive;0.3125;lieto
a;positive;0.3125;contentare
a;positive;0.3125;felice
a;positive;0.3125;al_settimo_cielo
v;positive;0.3125;crescere
v;positive;0.3125;aumentare
n;neutral;0.3125;divezzamento
a;negative;0.3125;incessante
a;negative;0.3125;persistere
a;negative;0.3125;insistere
a;negative;0.3125;inconseguente
a;negative;0.3125;incongruente
a;negative;0.3125;contraddittorio
a;negative;0.3125;incoerente
r;neutral;0.3125;intorno
r;neutral;0.3125;attorno
r;neutral;0.3125;in_giro
r;neutral;0.3125;nei pressi
r;neutral;0.3125;nelle_vicinanze
a;positive;0.3125;elevare
a;positive;0.3125;alto
a;neutral;0.3125;mobile
a;negative;0.3125;nervoso
a;negative;0.3125;apprensivo
a;negative;0.3125;ansioso
n;neutral;0.3125;accogliere
n;neutral;0.3125;radunare
n;neutral;0.3125;adunare
n;neutral;0.3125;convegno
n;neutral;0.3125;raccogliere
n;neutral;0.3125;riunione
n;positive;0.3125;decorare
n;positive;0.3125;finimento
n;positive;0.3125;guarnitura
n;positive;0.3125;guarnizione
n;positive;0.3125;adornamento
n;positive;0.3125;abbellimento
n;positive;0.3125;decorazione
n;positive;0.3125;ornamento
a;positive;0.3125;comodare
a;positive;0.3125;confortevole
a;negative;0.416666666667;mentitore
a;negative;0.416666666667;menzognero
a;negative;0.416666666667;mendace
a;negative;0.416666666667;bugiardo
a;negative;0.416666666667;simulatore
a;negative;0.3125;impietosire
n;positive;0.3125;attenzione
n;positive;0.3125;studiare
n;positive;0.3125;curare
v;negative;0.416666666667;respingere
v;neutral;0.3125;portare
v;neutral;0.3125;procurare
v;neutral;0.3125;arrecare
v;neutral;0.3125;recare
v;neutral;0.3125;dare
a;positive;0.3125;fresco
n;negative;0.3125;tragedia
n;negative;0.3125;apocalisse
n;negative;0.3125;apocalisse
n;negative;0.3125;sventura
n;negative;0.3125;disgrazia
n;negative;0.3125;sinistrare
n;negative;0.3125;calamità
n;negative;0.3125;disastrare
n;negative;0.3125;catastrofe
n;negative;0.3125;sciagura
a;negative;0.3125;disonesto
v;negative;0.3125;prendere
v;negative;0.3125;rubare
v;negative;0.3125;fregare
v;neutral;0.3125;ridurre
n;positive;0.3125;solidità
n;positive;0.3125;potenza
n;positive;0.3125;nerbo
n;positive;0.3125;potere
n;positive;0.3125;robustezza
n;positive;0.3125;gagliardia
n;positive;0.3125;vigore
n;positive;0.3125;forzare
a;neutral;0.3125;uguale
a;neutral;0.3125;indistinguibile
a;neutral;0.3125;identico
a;positive;1.0;entusiasta
a;positive;1.0;esultare
a;positive;1.0;trionfare
a;negative;0.416666666667;nervoso
a;negative;0.416666666667;agitare
a;negative;0.416666666667;irrequieto
n;neutral;0.3125;alter_ego
n;neutral;0.3125;luogotenente
n;neutral;0.3125;sostituto
n;neutral;0.3125;vice
r;positive;0.3125;splendido
n;neutral;0.3125;miscredente
n;neutral;0.3125;incredulo
n;neutral;0.3125;ateo
n;neutral;0.3125;irreligioso
a;negative;0.625;maleaccetto
a;negative;0.625;sgradire
v;negative;0.3125;sommuovere
v;negative;0.3125;infiammare
v;negative;0.3125;accendere
v;negative;0.3125;agitare
v;negative;0.3125;eccitare
v;neutral;0.3125;diro
v;neutral;0.3125;riferire
r;neutral;0.3125;transitoriamente
r;neutral;0.3125;temporaneamente
r;neutral;0.3125;provvisoriamente
v;neutral;0.3125;spegnere
n;negative;0.3125;ristrettezza
n;negative;0.3125;pochezza
n;negative;0.3125;modestia
n;negative;0.3125;strettezza
n;negative;0.3125;difettare
n;negative;0.3125;assenza
n;negative;0.3125;scarsità
n;negative;0.3125;penuria
n;negative;0.3125;deficienza
n;negative;0.3125;mancanza
n;negative;0.3125;carenza
n;negative;0.3125;insufficienza
a;positive;0.3125;schietto
a;positive;0.3125;genuino
a;positive;0.3125;vero
a;positive;0.3125;autenticare
r;negative;0.3125;troppo
r;negative;0.3125;eccessivamente
r;negative;0.3125;a_dismisura
n;neutral;0.3125;coltello
a;positive;0.3125;resistere
a;positive;0.3125;solido
a;positive;0.3125;saldare
n;neutral;0.3125;drappello
n;neutral;0.3125;mano
n;neutral;0.3125;manipolare
a;negative;0.625;infimo
n;neutral;0.3125;ordine
a;negative;0.3125;sprovvisto
a;negative;0.3125;privare
a;positive;0.3125;pulire
a;positive;0.3125;puro
n;negative;0.3125;imperfezione
n;negative;0.3125;viziare
n;negative;0.3125;difettare
a;positive;0.416666666667;sfavillare
a;positive;0.416666666667;sfolgorare
a;positive;0.416666666667;fulgido
a;positive;0.416666666667;splendido
v;neutral;0.3125;scorrere
v;neutral;0.3125;fluire
v;neutral;0.3125;trascorrere
v;neutral;0.3125;passare
n;neutral;0.3125;società
n;neutral;0.3125;imprendere
n;neutral;0.3125;azienda
n;neutral;0.3125;ditta
n;neutral;0.3125;compagnia
v;negative;0.3125;calare
a;positive;0.3125;fiducioso
a;positive;0.3125;verace
a;positive;0.3125;schietto
a;positive;0.3125;francare
a;positive;0.3125;sincerare
a;positive;0.3125;aprire
v;positive;0.3125;nettare
v;positive;0.3125;pulire
n;neutral;0.3125;classe
n;neutral;0.3125;ordine
n;neutral;0.3125;famiglia
a;negative;0.3125;tardare
a;negative;0.3125;malaticcio
a;negative;0.3125;cagionevole
a;negative;0.3125;delicato
v;neutral;0.3125;dibattere
v;neutral;0.3125;discutere
v;neutral;0.3125;discorrere
v;neutral;0.3125;ragionare
n;neutral;0.3125;finzione
n;neutral;0.3125;scena
n;neutral;0.3125;messinscena
n;neutral;0.3125;giocare
n;neutral;0.3125;fingere
n;neutral;0.3125;simulazione
n;positive;0.3125;conoscitore
n;positive;0.3125;tecnico
n;positive;0.3125;specialista
n;positive;0.3125;esperto
a;neutral;0.3125;relativo
a;neutral;0.3125;rispettivo
a;neutral;0.3125;proprio
n;negative;0.3125;patologia
n;negative;0.3125;mala
n;negative;0.3125;affezione
n;negative;0.3125;malattia
n;positive;0.3125;giocare
a;positive;0.3125;venusto
a;positive;0.3125;vezzoso
a;positive;0.3125;grazioso
a;positive;0.3125;aggraziare
n;neutral;0.3125;caposaldo
n;neutral;0.3125;norma
n;neutral;0.3125;leggere
n;neutral;0.3125;principiare
v;neutral;0.3125;assicurare
v;neutral;0.3125;attaccare
v;neutral;0.3125;legare
a;neutral;0.3125;consueto
a;neutral;0.3125;solito
a;neutral;0.3125;abituale
a;neutral;0.3125;normale
a;neutral;0.3125;ordinario
a;neutral;0.3125;usuale
v;neutral;0.3125;apprezzare
v;neutral;0.3125;valutare
v;neutral;0.3125;giudicare
v;neutral;0.3125;misurare
v;neutral;0.3125;pesare
a;neutral;0.3125;lungo
n;neutral;0.3125;attore
a;neutral;0.416666666667;completare
v;neutral;0.3125;fissare
v;neutral;0.3125;stabilire
v;neutral;0.3125;determinare
a;negative;0.3125;inetto
a;negative;0.3125;inabile
a;negative;0.3125;incapace
a;positive;0.3125;conseguire
a;positive;0.3125;coerente
n;positive;0.3125;curare
n;positive;0.3125;cura_medica
n;positive;0.3125;trattamento
n;positive;0.3125;terapia
v;neutral;0.3125;passare
v;neutral;0.3125;dare
n;neutral;0.3125;grandezza
n;neutral;0.3125;proporzione
n;neutral;0.3125;dimensione
n;neutral;0.3125;valore
n;neutral;0.3125;misurare
v;neutral;0.3125;fare
v;neutral;0.3125;recitare
v;neutral;0.3125;rappresentare
a;negative;0.416666666667;inconsistente
a;negative;0.416666666667;gratuito
a;negative;0.416666666667;infondato
a;neutral;0.3125;speciale
a;neutral;0.3125;precipuo
a;neutral;0.3125;peculiare
a;neutral;0.3125;tipico
a;positive;0.3125;superiora
n;neutral;0.3125;spezia
n;neutral;0.3125;drogare
n;neutral;0.3125;aroma
n;neutral;0.3125;dolce
a;positive;0.3125;umoristico
a;positive;0.3125;morale
a;positive;0.3125;etico
n;negative;0.3125;obbligazione
n;negative;0.3125;dovere
n;negative;0.3125;onere
n;negative;0.3125;impegnare
n;negative;0.3125;obbligare
n;neutral;0.3125;simulacro
n;neutral;0.3125;parvenza
n;neutral;0.3125;ombrare
a;neutral;0.3125;comune
a;neutral;0.3125;ordinario
v;neutral;0.3125;afferrare
a;positive;0.625;stufare
a;positive;0.625;stancare
n;neutral;0.3125;assertore
n;neutral;0.3125;promotore
n;neutral;0.3125;fautore
n;neutral;0.3125;sostenitore
n;neutral;0.3125;auspice
n;neutral;0.3125;partigiano
n;neutral;0.3125;propugnatore
a;positive;0.3125;potere
a;positive;0.3125;energico
a;positive;0.3125;forte
a;positive;0.3125;robusto
a;positive;0.3125;temprare
a;positive;0.625;disinteressare
v;neutral;0.3125;fare
n;negative;0.3125;impulsivo
n;negative;0.3125;istintivo
n;negative;0.3125;emotivo
n;negative;0.3125;focoso
n;negative;0.3125;precipitoso
n;negative;0.3125;passionale
n;neutral;0.3125;bordare
v;neutral;0.3125;fare
a;negative;0.3125;semplice
a;neutral;0.3125;bambino
a;neutral;0.3125;piccolo
r;neutral;0.3125;avanti
a;negative;0.3125;piccolo
r;positive;0.3125;bene
r;positive;0.3125;positivamente
a;negative;0.3125;boccaccesco
a;negative;0.3125;volgare
a;negative;0.3125;scurrile
a;negative;0.3125;triviale
a;negative;0.3125;licenzioso
a;negative;0.3125;salace
v;neutral;0.3125;inebriare
v;neutral;0.3125;ubriacare
v;neutral;0.3125;ubbriacare
a;negative;0.416666666667;irragionevole
a;negative;0.416666666667;dissennato
a;negative;0.416666666667;folla
a;negative;0.416666666667;insensato
a;negative;0.416666666667;pazzo
a;negative;0.416666666667;pazzesco
v;neutral;0.3125;fare
v;neutral;0.3125;diro
v;neutral;0.3125;narrare
v;neutral;0.3125;raccontare
v;neutral;0.3125;contare
n;positive;0.3125;animare
n;positive;0.3125;eroismo
n;positive;0.3125;fegato
n;positive;0.3125;sangue_freddo
n;positive;0.3125;valore
n;positive;0.3125;spavalderia
n;positive;0.3125;coraggio
n;positive;0.3125;baldanza
n;positive;0.3125;arditezza
n;positive;0.3125;ardimento
n;positive;0.3125;ardire
n;neutral;0.3125;investigazione
n;neutral;0.3125;indagine
n;neutral;0.3125;controllare
n;neutral;0.3125;riscontrare
n;neutral;0.3125;accertamento
n;neutral;0.3125;test
n;neutral;0.3125;verificazione
n;neutral;0.3125;verificare
n;neutral;0.3125;esame
n;neutral;0.3125;provare
v;negative;0.3125;rinunziare
v;negative;0.3125;rinunciare
v;negative;0.3125;abbandonare
a;positive;0.3125;determinare
a;positive;0.3125;risoluto
a;positive;0.3125;decidere
a;positive;0.3125;sicuro
a;positive;0.3125;fermare
a;positive;0.3125;sbrigativo
n;neutral;0.3125;ordine
n;neutral;0.3125;commettere
n;neutral;0.3125;ordine
n;neutral;0.3125;ordinazione
n;neutral;0.3125;commissione
v;neutral;0.3125;svanire
v;neutral;0.3125;andare_via
v;neutral;0.3125;dileguarsi
v;neutral;0.3125;andare
v;neutral;0.3125;passare
n;neutral;0.3125;temprare
n;neutral;0.3125;temperamento
n;neutral;0.3125;essere
n;neutral;0.3125;natura
n;neutral;0.3125;essenza
n;neutral;0.3125;naturale
n;neutral;0.3125;indole
n;neutral;0.3125;carattere
a;negative;0.3125;crudo
a;negative;0.3125;pungere
a;negative;0.3125;rigido
a;negative;0.3125;freddare
v;negative;0.3125;mandare_al_Creatore
v;negative;0.3125;mandare_all'altro_mondo
v;negative;0.3125;accoppare
v;negative;0.3125;far_morire
v;negative;0.3125;ammazzare
v;negative;0.3125;uccidere
v;negative;0.3125;far_fuori
v;neutral;0.3125;spingere
v;negative;0.3125;spromettere
n;neutral;0.3125;ordine
a;negative;1.0;operareƒ
a;negative;1.0;lavorare
a;positive;0.3125;generare
a;positive;0.3125;nascere
r;neutral;0.3125;unicamente
r;neutral;0.3125;solamente
r;neutral;0.3125;solare
r;neutral;0.3125;ad alta voce
r;neutral;0.3125;a voce alta
n;positive;0.3125;mestiere
n;positive;0.3125;tecnico
n;positive;0.3125;arte
a;positive;0.3125;tenero
a;negative;0.625;sleale
n;neutral;0.3125;testimonianza
n;neutral;0.3125;pegno
a;positive;0.3125;accorare
a;positive;0.3125;infuocare
a;positive;0.3125;accendere
a;positive;0.3125;ardere
a;positive;0.3125;appassionare
a;negative;0.3125;bruttare
a;negative;0.3125;insolentire
a;negative;0.3125;impertinente
a;negative;0.3125;irrispettoso
a;negative;0.3125;strafottere
a;negative;0.3125;sgangherare
a;negative;0.3125;sbrindellare
a;negative;0.3125;trascurare
a;negative;0.3125;discingere
a;negative;0.3125;sciatto
a;negative;0.3125;trasandato
a;negative;0.416666666667;sgarbato
a;negative;0.416666666667;villano
a;negative;0.416666666667;cattivare
a;negative;0.416666666667;scortese
a;negative;0.416666666667;villanzone
a;negative;0.625;spurio
a;negative;0.625;contraffatto
a;negative;0.625;falsificare
a;negative;0.625;falsare
a;positive;0.3125;sanare
a;positive;0.3125;savio
n;neutral;0.3125;comparto
n;neutral;0.3125;compartizione
n;neutral;0.3125;compartimentare
n;neutral;0.3125;ripartizione
n;neutral;0.3125;frazionamento
n;neutral;0.3125;suddivisione
n;neutral;0.3125;sezione
n;neutral;0.3125;partizione
n;neutral;0.3125;divisione
a;positive;0.3125;praticabile
a;positive;0.3125;realizzabile
a;positive;0.3125;attuabile
a;positive;0.3125;eseguibile
a;positive;0.3125;fattibile
v;positive;0.3125;dare
v;positive;0.3125;provvedere
v;positive;0.3125;dotare
v;positive;0.3125;fornire
v;neutral;0.3125;creare
v;neutral;0.3125;produrre
v;neutral;0.3125;fare
a;positive;0.3125;stabile
a;positive;0.3125;duraturo
a;positive;0.3125;durevole
a;positive;0.3125;resistere
a;positive;0.3125;permanere
a;positive;0.3125;costare
a;positive;0.3125;inappuntabile
a;positive;0.3125;impeccabile
a;positive;0.3125;irreprensibile
v;positive;0.3125;svagare
v;positive;0.3125;distrarre
v;positive;0.3125;divertire
v;positive;0.3125;svariare
r;positive;0.3125;giustamente
v;neutral;0.3125;ministrare
v;neutral;0.3125;fornire
v;neutral;0.3125;somministrare
v;neutral;0.3125;dare
v;neutral;0.3125;passare
a;positive;0.625;castigare
a;positive;0.625;verecondo
v;neutral;0.3125;tirare_su
v;neutral;0.3125;sollevare
v;neutral;0.3125;raccogliere
v;neutral;0.3125;ricogliere
a;negative;0.3125;reale
a;positive;0.3125;prudere
a;positive;0.3125;assennato
a;positive;0.3125;ponderare
a;negative;0.416666666667;disperare
v;neutral;0.3125;risolvere
v;neutral;0.3125;decomporre
v;neutral;0.3125;scomporre
v;neutral;0.3125;disgregare
v;positive;0.3125;perfezionare
v;positive;0.3125;migliorare
v;positive;0.3125;aggiustare
n;neutral;0.3125;piano
n;neutral;0.3125;pianura
n;neutral;0.3125;piare
n;neutral;0.3125;tagliare
n;neutral;0.3125;insieme
n;neutral;0.3125;gruppo
a;negative;0.625;debole
a;negative;0.625;fragile
v;neutral;0.3125;pagare
v;neutral;0.3125;compire
v;neutral;0.3125;mandare_a_effetto
v;neutral;0.3125;realizzare
v;neutral;0.3125;effettuare
v;neutral;0.3125;eseguire
v;neutral;0.3125;compiere
v;neutral;0.3125;fare
a;negative;0.3125;imperfetto
a;negative;0.3125;viziare
a;negative;0.3125;capriccioso
a;negative;0.3125;bizzoso
v;positive;0.3125;ridere
v;positive;0.3125;accordare
v;positive;0.3125;concedere
v;positive;0.3125;cedere
v;positive;0.3125;dare
v;negative;0.416666666667;sciupare
a;negative;0.3125;disagiare
a;positive;1.0;apprezzare
a;positive;1.0;beneaccetto
a;positive;1.0;accettare
a;positive;1.0;gradire
n;neutral;0.3125;bordura
n;neutral;0.3125;bordare
a;negative;0.3125;indicibile
a;negative;0.3125;inesprimibile
a;negative;0.3125;incomunicabile
v;neutral;0.3125;raggiungere
v;neutral;0.3125;cogliere
v;neutral;0.3125;prendere
v;neutral;0.3125;colpire
n;neutral;0.3125;germogliare
n;neutral;0.3125;principiare
n;neutral;0.3125;attaccare
n;neutral;0.3125;iniziare
n;negative;0.3125;fobia
n;positive;0.3125;spregiudicatezza
n;positive;0.3125;audacia
a;negative;0.3125;indecente
a;negative;0.3125;indegno
a;negative;0.3125;indecoroso
n;neutral;0.3125;distribuzione
n;neutral;0.3125;sistemazione
n;neutral;0.3125;configurazione
n;neutral;0.3125;ordine
n;neutral;0.3125;ordinamento
n;neutral;0.3125;organizzazione
n;neutral;0.3125;disposizione
v;neutral;0.3125;prendere
v;neutral;0.3125;avere
v;neutral;0.3125;ricevere
a;negative;0.3125;inesatto
a;negative;0.3125;impreciso
n;neutral;0.3125;abitare
n;neutral;0.3125;norma
n;neutral;0.3125;rito
n;neutral;0.3125;consuetudine
n;neutral;0.3125;abitudine
v;positive;0.3125;liberare
a;negative;0.3125;abusivo
a;negative;0.3125;illegittimo
a;negative;0.3125;illecito
a;negative;0.3125;illegale
a;negative;0.3125;selvaggio
a;positive;0.3125;vitale
a;positive;0.3125;vivere
a;positive;0.3125;adorabile
a;positive;0.3125;amabile
a;negative;0.416666666667;infecondo
a;negative;0.416666666667;improduttivo
a;negative;0.416666666667;infruttuoso
v;neutral;0.3125;avere
v;neutral;0.3125;avvertire
v;neutral;0.3125;sentire
v;neutral;0.3125;provare
n;positive;0.3125;tutelare
n;positive;0.3125;difendere
n;positive;0.3125;protezione
a;positive;0.3125;insignire
a;positive;0.3125;autorevole
a;positive;0.3125;influire
a;positive;0.3125;importare
a;positive;0.3125;alto
n;negative;0.3125;danneggiamento
n;negative;0.3125;dannare
a;positive;0.3125;maturare
a;positive;0.3125;adulto
v;negative;0.3125;demolire
v;negative;0.3125;abbattere
v;negative;0.3125;distruggere
n;negative;0.3125;compatimento
n;negative;0.3125;mercede
n;negative;0.3125;misericordia
n;negative;0.3125;commiserazione
n;negative;0.3125;pietà
a;neutral;0.3125;incidentale
a;neutral;0.3125;accidentale
a;neutral;0.3125;casuale
a;neutral;0.3125;fortuito
v;positive;0.3125;liberare
v;positive;0.3125;riscattare
a;positive;0.3125;fresco
a;positive;0.3125;florido
a;negative;0.3125;irritare
a;negative;0.3125;invalidare
r;neutral;0.3125;sottovoce
r;neutral;0.3125;piare
r;neutral;0.3125;a_bassa_voce
a;negative;0.3125;inattuabile
a;negative;0.3125;irrealizzabile
v;neutral;0.3125;accendere
v;positive;0.3125;salvaguardare
v;positive;0.3125;preservare
v;positive;0.3125;proteggere
v;positive;0.3125;difendere
v;positive;0.3125;tutelare
n;neutral;0.3125;voce
n;neutral;0.3125;versare
a;positive;0.416666666667;minuto
v;positive;0.3125;prendere_una_decisione
v;positive;0.3125;divisare
v;positive;0.3125;stabilire
v;positive;0.3125;determinare
v;positive;0.3125;deliberare
v;positive;0.3125;decidere
v;neutral;0.3125;fare
a;positive;0.3125;smorzare
a;positive;0.3125;attenuare
v;neutral;0.3125;accompagnare
v;neutral;0.3125;guidare
v;neutral;0.3125;condurre
v;neutral;0.3125;portare
n;neutral;0.3125;cultura
n;neutral;0.3125;coltura
n;neutral;0.3125;coltivazione
a;positive;0.3125;squisito
a;positive;0.3125;sofisticare
a;positive;0.3125;prezioso
a;positive;0.3125;raffinare
a;positive;0.3125;ricercare
v;positive;0.3125;racconciare
v;positive;0.3125;sistemare
v;positive;0.3125;aggiustare
v;positive;0.3125;riparare
v;positive;0.3125;accomodare
n;negative;0.3125;omicida
n;negative;0.3125;assassinare
n;neutral;0.3125;onore
n;neutral;0.3125;epiteto
n;neutral;0.3125;titolare
v;neutral;0.3125;tentare
v;neutral;0.3125;cercare
v;neutral;0.3125;provare
a;negative;0.416666666667;rudere
a;negative;0.416666666667;brusco
a;negative;0.416666666667;burbero
a;negative;0.416666666667;sgarbato
a;negative;0.416666666667;sbrigativo
a;positive;0.3125;comunicativo
a;positive;0.3125;caloroso
a;positive;0.3125;cordiale
a;positive;0.3125;caldo
a;positive;0.3125;ospitale
a;positive;0.3125;facoltoso
a;positive;0.3125;benestante
a;positive;0.3125;agiato
a;positive;0.3125;ricco
v;negative;0.3125;deprecare
v;negative;0.3125;disapprovare
v;negative;0.3125;biasimare
v;negative;0.3125;deplorare
a;negative;0.3125;indigente
a;negative;0.3125;mettere
a;negative;0.3125;povero
a;negative;0.3125;bisognoso
a;negative;0.3125;meschino
a;negative;0.3125;bisognevole
a;neutral;0.416666666667;implicito
a;neutral;0.416666666667;inespresso
a;neutral;0.416666666667;sottintendere
n;positive;0.3125;ragione
n;positive;0.3125;quoziente
n;positive;0.3125;rapportare
a;negative;0.3125;pusillanime
a;negative;0.3125;pavido
a;negative;0.3125;vile
a;negative;0.3125;codardo
a;negative;0.3125;vigliacco
v;negative;0.3125;illudere
v;negative;0.3125;abbagliare
v;negative;0.3125;ingannare
v;negative;0.3125;allucinare
v;neutral;0.3125;fare
a;negative;0.3125;magniloquente
a;negative;0.3125;ampolloso
a;negative;0.3125;borioso
a;negative;0.3125;gonfiare
a;negative;0.3125;tronfio
a;negative;0.3125;pomposo
a;negative;0.3125;vanaglorioso
v;neutral;0.3125;intraversare
v;neutral;0.3125;transitare
v;neutral;0.3125;attraversare
v;neutral;0.3125;passare
a;positive;0.3125;protervo
a;positive;0.3125;superbo
a;positive;0.3125;alterare
a;positive;0.3125;spocchioso
a;positive;0.3125;pretenzioso
v;neutral;0.3125;vendere
a;negative;0.3125;ponderoso
a;negative;0.3125;pesare
a;negative;0.3125;pendere
a;negative;0.3125;grave
n;neutral;0.3125;vaso
n;negative;0.3125;bandire
n;negative;0.3125;fuorilegge
n;negative;0.3125;avanzo_di_galera
n;negative;0.3125;criminale
n;negative;0.3125;malvivente
n;negative;0.3125;delinquere
n;negative;0.3125;malfattore
n;negative;0.3125;malavitoso
a;positive;0.3125;indubbio
a;positive;0.3125;sicuro
a;positive;0.3125;certo
a;neutral;0.3125;grande
a;neutral;0.3125;grosso
n;positive;0.3125;attrizione
v;neutral;0.3125;far_restare
v;neutral;0.3125;lasciare
n;negative;0.3125;imposizione
n;negative;0.3125;gravezza
n;negative;0.3125;gravame
n;negative;0.3125;imporre
n;negative;0.3125;tassare
n;negative;0.3125;tributare
a;negative;0.3125;simulare
a;negative;0.3125;fingere
v;positive;0.3125;accogliere
v;positive;0.3125;accettare
a;negative;0.625;leggero
a;positive;0.3125;decente
a;positive;0.3125;dignitoso
a;positive;0.3125;decoroso
a;negative;0.625;vulnerabile
a;negative;1.0;disilludere
a;negative;1.0;disincantare
a;neutral;0.3125;umano
a;neutral;0.3125;mortale
a;negative;0.3125;accentuare
a;negative;0.3125;marcare
a;negative;0.3125;caricare
a;neutral;0.416666666667;contrapporre
a;neutral;0.416666666667;antitetico
a;neutral;0.416666666667;opporre
a;neutral;0.416666666667;contrariare
a;negative;0.416666666667;freddare
n;neutral;0.3125;attività_artistica
n;neutral;0.3125;arte
a;neutral;0.3125;terminale
a;neutral;0.3125;finale
a;neutral;0.3125;conclusivo
a;positive;0.3125;grande
r;positive;0.3125;d'autorità
r;positive;0.3125;legittimamente
r;positive;0.3125;legalmente
r;positive;0.3125;lecitamente
r;positive;0.3125;giustamente
r;positive;0.3125;debitamente
a;positive;1.0;notorio
a;positive;1.0;notare
a;positive;1.0;conoscere
v;neutral;0.3125;bucare
v;neutral;0.3125;mancare
v;neutral;0.3125;sbagliare
v;neutral;0.3125;fallire
v;neutral;0.3125;trattare
v;negative;0.3125;rammassare
v;negative;0.3125;ammassellare
v;negative;0.3125;cumulare
v;negative;0.3125;ammucchiare
v;negative;0.3125;accumulare
v;negative;0.3125;ammassare
v;negative;0.3125;abbarcare
v;negative;0.3125;conglobare
v;negative;0.3125;ammonticchiare
v;negative;0.3125;abbicare
v;negative;0.3125;agglomerare
v;negative;0.3125;ammontare
v;negative;0.3125;adescare
v;negative;0.3125;lusingare
v;negative;0.3125;attirare
v;negative;0.3125;allettare
v;negative;0.3125;attrarre
n;negative;0.3125;curiosare
n;negative;0.3125;ficcanaso
n;negative;0.3125;indiscreto
n;negative;0.3125;impiccione
a;positive;0.3125;onesto
a;positive;0.3125;sanare
a;positive;0.3125;reggere
a;positive;0.3125;pulire
a;positive;0.3125;integrare
a;positive;0.3125;morigerato
a;positive;0.3125;probo
a;positive;0.3125;seriare
a;positive;0.3125;virtuoso
a;positive;0.3125;a posto
a;positive;0.416666666667;bastare
a;positive;0.416666666667;sufficiente
v;negative;0.3125;arrestare
a;positive;0.3125;sanare
v;positive;0.3125;dare_aiuto
v;positive;0.3125;prestare_aiuto
v;positive;0.3125;assistere
v;positive;0.3125;soccorrere
v;positive;0.3125;aiutare
v;positive;0.3125;dare_una_mano
a;positive;0.3125;raro
a;positive;0.3125;pregiare
a;positive;0.3125;prezioso
a;negative;0.3125;instabile
a;negative;0.3125;incostante
a;negative;0.3125;mutevole
a;negative;0.3125;volubile
v;neutral;0.3125;attaccare
v;neutral;0.3125;figgere
v;neutral;0.3125;apporre
v;neutral;0.3125;fissare
v;neutral;0.3125;affiggere
a;positive;0.3125;compassionevole
a;positive;0.3125;pietoso
a;positive;0.3125;misericordioso
a;positive;0.3125;caritatevole
v;neutral;0.3125;valersi
v;neutral;0.3125;impiegare
v;neutral;0.3125;avvalersi
v;neutral;0.3125;servirsi
v;neutral;0.3125;utilizzare
v;neutral;0.3125;adoperare
v;neutral;0.3125;usare
v;neutral;0.3125;giovarsi
v;negative;0.3125;peggiorare
a;positive;0.3125;agevole
a;positive;0.3125;facile
v;neutral;0.3125;muovere
v;neutral;0.3125;spostare
v;positive;0.3125;risanare
v;positive;0.3125;guarire
v;positive;0.3125;sanare
v;positive;0.3125;ristabilire
v;positive;0.3125;restituire
a;negative;0.3125;disprezzabile
a;negative;0.3125;spregevole
v;neutral;0.3125;provare
v;neutral;0.3125;dimostrare
n;neutral;0.3125;alveare
n;neutral;0.3125;seno
n;neutral;0.3125;incavatura
n;neutral;0.3125;concavità
n;neutral;0.3125;incavare
n;neutral;0.3125;cavare
n;neutral;0.3125;cavità
a;positive;0.3125;valere
a;positive;0.3125;abile
a;positive;0.3125;esperto
a;positive;0.625;illudere
a;negative;0.625;scurire
v;negative;0.3125;spengere
v;negative;0.3125;estinguere
v;negative;0.3125;smorzare
v;negative;0.3125;spegnere
v;neutral;0.3125;correre
v;neutral;0.3125;eseguire
v;neutral;0.3125;fare
v;positive;0.3125;consentire
v;positive;0.3125;permettere
v;positive;0.3125;fare
v;positive;0.3125;lasciare
v;positive;0.3125;assegnare
v;positive;0.3125;attribuire
v;positive;0.3125;dare
v;positive;0.3125;annettere
n;neutral;0.3125;espressione
n;neutral;0.3125;locuzione
n;neutral;0.3125;proposizione
n;neutral;0.3125;frase
v;neutral;0.3125;produrre
v;neutral;0.3125;fare
v;neutral;0.3125;formare
a;positive;0.3125;poderoso
n;positive;0.3125;patrizio
n;positive;0.3125;aristocratico
v;neutral;0.3125;trattare
v;neutral;0.3125;parlamentare
n;neutral;0.3125;ordine
n;neutral;0.3125;comandare
n;neutral;0.3125;disposizione
n;neutral;0.3125;professionista
v;neutral;0.3125;dare
v;neutral;0.3125;dare
v;neutral;0.3125;passare
n;neutral;0.3125;nutrimento
n;neutral;0.3125;alimentare
n;neutral;0.3125;cibare
n;neutral;0.3125;mangiare
a;positive;0.3125;robusto
v;neutral;0.3125;dare
v;neutral;0.3125;passare
a;positive;0.3125;ferreo
n;negative;0.3125;lesione
v;positive;0.3125;incutere
v;positive;0.3125;mettere
v;positive;0.3125;trasmettere
v;positive;0.3125;ispirare
v;positive;0.3125;infondere
a;neutral;0.3125;profanare
a;neutral;0.3125;terreno
a;neutral;0.3125;mondare
a;positive;0.3125;elegante
a;positive;0.3125;armonioso
a;positive;0.3125;leggiadro
n;neutral;0.3125;padre
n;neutral;0.3125;ministrare
n;neutral;0.3125;reverendo
n;neutral;0.3125;prete
n;neutral;0.3125;sacerdote
a;neutral;0.625;estraneo
a;neutral;0.625;lontano
a;neutral;0.625;alienare
n;neutral;0.3125;cosmetico
n;neutral;0.3125;make-up
n;neutral;0.3125;maquillage
n;neutral;0.3125;truccare
a;positive;0.3125;meraviglioso
a;positive;0.3125;magico
a;positive;0.3125;splendido
a;positive;0.3125;magnificare
a;negative;0.3125;arduo
a;negative;0.3125;difficile
a;negative;0.3125;durare
a;negative;0.3125;impegnativo
v;positive;0.3125;commettere
v;positive;0.3125;affidare
v;positive;0.3125;dare
v;positive;0.3125;raccomandare
v;positive;0.3125;accomandare
n;neutral;0.3125;sistemazione
n;neutral;0.3125;organizzazione
n;neutral;0.3125;ordinamento
n;neutral;0.3125;disposizione
a;negative;0.3125;uniforme
a;negative;0.3125;uggioso
a;negative;0.3125;monotono
a;negative;0.3125;tedioso
a;negative;0.3125;pesare
a;negative;0.3125;noioso
a;negative;0.3125;asfissiare
a;negative;0.3125;opprimere
a;positive;0.3125;bello
a;positive;0.3125;esprimibile
a;positive;0.3125;dicibile
a;positive;0.3125;riferibile
a;positive;0.3125;comunicabile
a;negative;0.3125;selvatico
a;negative;0.3125;selvaggio
n;positive;0.3125;intendere
n;positive;0.3125;adesione
n;positive;0.3125;accordare
n;positive;0.3125;patto
n;positive;0.3125;convenzione
n;positive;0.3125;dilettare
n;positive;0.3125;gaudio
n;positive;0.3125;gioia
n;positive;0.3125;brio
n;positive;0.3125;allegrezza
n;positive;0.3125;felicità
n;positive;0.3125;gaiezza
n;positive;0.3125;letizia
n;positive;0.3125;contentezza
n;positive;0.3125;allegria
n;positive;0.3125;lietezza
n;neutral;0.3125;fiore
a;negative;0.3125;amaro
n;neutral;0.3125;bordare
n;neutral;0.3125;protagonista
n;neutral;0.3125;eroe
n;neutral;0.3125;personaggio
n;positive;0.3125;monile
n;positive;0.3125;gioia
n;positive;0.3125;gioiello
n;positive;0.3125;bijou
a;positive;0.3125;svellere
a;positive;0.3125;ingegnoso
a;positive;0.3125;perspicace
a;positive;0.3125;penetrare
a;positive;0.3125;sagace
a;positive;0.3125;svegliare
a;positive;0.3125;brillare
a;positive;0.3125;acuto
a;positive;0.3125;geniale
a;positive;0.3125;destare
a;neutral;0.416666666667;incosciente
a;neutral;0.416666666667;inconsapevole
a;neutral;0.3125;grave
a;neutral;0.3125;seriare
a;neutral;0.3125;grande
a;neutral;0.3125;notevole
a;positive;0.3125;sottile
a;positive;0.3125;fino
v;neutral;0.3125;manovrare
v;neutral;0.3125;guidare
v;neutral;0.3125;condurre
v;positive;0.3125;appiccare
v;positive;0.3125;accendere
v;neutral;0.3125;serrare
v;neutral;0.3125;chiudere
a;positive;0.416666666667;legittimare
a;positive;0.416666666667;legale
a;positive;0.416666666667;lecito
a;neutral;0.3125;primordiale
a;neutral;0.3125;aurorale
a;negative;0.3125;testardo
a;negative;0.3125;accanire
a;negative;0.3125;pervicace
a;negative;0.3125;pertinace
a;negative;0.3125;ostinare
a;negative;0.3125;cocciuto
a;negative;0.3125;caparbio
a;negative;0.3125;solitario
a;negative;0.3125;asociale
a;negative;0.3125;misantropo
a;neutral;0.625;parare
a;neutral;0.625;uguale
n;neutral;0.3125;comandare
n;neutral;0.3125;precettare
n;neutral;0.3125;prescrizione
n;neutral;0.3125;regolare
n;neutral;0.3125;comandamento
a;negative;0.3125;spudorato
a;negative;0.3125;impudente
a;negative;0.3125;sfrontato
a;negative;0.3125;sfacciato
v;positive;0.3125;francare
v;positive;0.3125;liberare
v;positive;0.3125;affrancare
n;neutral;0.3125;menta
n;neutral;0.3125;intelligenza
n;neutral;0.3125;intelletto
v;neutral;0.3125;sfruttare
v;positive;0.3125;verificare
v;positive;0.3125;controllare
a;negative;0.3125;accidioso
a;negative;0.3125;poltrona
a;negative;0.3125;negligere
a;negative;0.3125;infingardo
a;negative;0.3125;svogliato
a;negative;0.3125;indolente
a;negative;0.3125;pigro
n;neutral;0.3125;brano
n;neutral;0.3125;porzione
n;neutral;0.3125;pezzo
a;negative;0.3125;tremendo
a;negative;0.3125;mostruoso
a;negative;0.3125;orripilante
a;negative;0.3125;orrendo
a;negative;0.3125;orribile
v;positive;0.3125;liberare
v;positive;0.3125;slegare
v;positive;0.3125;disciogliere
a;negative;0.3125;inferiore
v;negative;0.3125;eccitare
v;negative;0.3125;istigare
v;negative;0.3125;scatenare
v;negative;0.3125;fomentare
v;negative;0.3125;provocare
v;negative;0.3125;aizzare
v;negative;0.3125;attizzare
v;negative;0.3125;risolvere
v;negative;0.3125;annullare
v;negative;0.3125;cassare
v;negative;0.3125;rompere
v;negative;0.3125;sciogliere
v;negative;0.3125;rescindere
n;neutral;0.3125;riunione
n;neutral;0.3125;incontrare
a;negative;0.625;ingombrare
n;neutral;0.3125;vestire
n;neutral;0.3125;vestire
n;neutral;0.3125;abitare
a;neutral;0.3125;imbellire
a;neutral;0.3125;mite
n;negative;0.3125;colpo
n;negative;0.3125;accidente
n;negative;0.3125;malore
n;positive;0.3125;scudo
n;neutral;0.3125;colpo
n;negative;0.3125;ferire
a;positive;0.3125;necessario
a;positive;0.3125;essenziale
n;neutral;0.3125;corda
n;neutral;0.3125;cavare
n;neutral;0.3125;cimare
n;neutral;0.3125;fune
a;positive;0.625;lisciare
n;neutral;0.3125;colpo
a;positive;0.3125;temerario
a;positive;0.3125;bravo
a;positive;0.3125;spavaldo
a;positive;0.3125;baldanzoso
a;positive;0.3125;animoso
a;positive;0.3125;valoroso
a;positive;0.3125;prode
a;positive;0.3125;impavido
a;positive;0.3125;intrepido
a;positive;0.3125;audace
a;positive;0.3125;ardire
a;positive;0.3125;coraggioso
a;positive;0.3125;ardimentoso
v;neutral;0.3125;fermare
v;neutral;0.3125;arrestare
a;neutral;0.416666666667;tipico
v;negative;0.3125;rifiutare
v;negative;0.3125;declinare
a;neutral;0.416666666667;imparare
v;neutral;0.3125;sconfiggere
v;neutral;0.3125;battere
v;neutral;0.3125;vincere
a;negative;0.3125;grossolano
a;negative;0.3125;sgraziato
a;negative;0.3125;goffo
a;negative;0.3125;impacciare
a;negative;0.3125;pacchiano
a;positive;0.3125;prestare
a;positive;0.3125;aitante
a;positive;0.3125;atletico
a;negative;0.3125;pessimista
a;negative;0.3125;pessimistico
a;negative;0.3125;fosco
a;negative;0.3125;chiassoso
a;negative;0.3125;sgargiante
a;negative;0.3125;appariscente
a;negative;0.3125;vistoso
a;positive;0.3125;lesto
n;negative;0.3125;premesso
n;negative;0.3125;antefatto
n;negative;0.3125;antecedente
n;negative;0.3125;precedere
a;positive;1.0;quadrare
a;positive;1.0;robusto
a;positive;1.0;resistere
n;positive;0.3125;rinvenimento
n;neutral;0.3125;dettagliare
n;neutral;0.3125;particolare
n;neutral;0.3125;nominativo
n;neutral;0.3125;appellativo
n;neutral;0.3125;denominazione
n;neutral;0.3125;nome
a;positive;0.3125;concretare
a;positive;0.3125;esistere
a;positive;0.3125;vero
a;positive;0.3125;effettivo
a;positive;0.3125;reale
v;neutral;0.3125;passare
v;neutral;0.3125;vivere
v;neutral;0.3125;attraversare
v;positive;0.3125;fare_una_promessa
v;positive;0.3125;promettere
v;positive;0.3125;impegnarsi
a;positive;0.3125;lodevole
a;positive;0.3125;apprezzabile
a;positive;0.3125;pregevole
a;positive;0.3125;ottimare
v;neutral;0.3125;ammassare
v;neutral;0.3125;conservare
v;neutral;0.3125;accumulare
n;negative;0.3125;mal_umore
n;negative;0.3125;screziare
n;negative;0.3125;dissenso
n;negative;0.3125;discordanza
n;negative;0.3125;scissura
n;negative;0.3125;malumore
n;negative;0.3125;lottare
n;negative;0.3125;dissidio
n;negative;0.3125;disaccordo
n;negative;0.3125;discordia
n;neutral;0.3125;piantagione
n;neutral;0.3125;coltura
n;neutral;0.3125;coltivazione
a;negative;0.3125;fastidioso
a;negative;0.3125;dispettoso
r;negative;0.3125;malamente
r;negative;0.3125;mala
r;negative;0.3125;terribilmente
n;neutral;0.3125;calore
n;neutral;0.3125;caldo
n;neutral;0.3125;resa_dei_conti
n;neutral;0.3125;rapportare
n;neutral;0.3125;consuntivo
n;neutral;0.3125;resoconto
n;neutral;0.3125;rendiconto
a;positive;0.3125;semplice
a;positive;0.3125;chiaro
a;positive;0.3125;nettare
a;positive;0.3125;distinguere
v;positive;0.3125;trattare
v;positive;0.3125;curare
v;neutral;0.3125;cocere
v;neutral;0.3125;fare
v;neutral;0.3125;cucinare
a;negative;0.3125;stagionare
a;negative;0.3125;invecchiare
v;neutral;0.3125;passare
a;negative;0.3125;grullo
a;negative;0.3125;citrullo
a;negative;0.3125;scemunito
a;negative;0.3125;scimunito
a;negative;0.3125;scemare
a;negative;0.3125;scioccare
a;negative;0.3125;balengo
a;negative;0.3125;bischero
a;positive;0.3125;capace
a;positive;0.3125;idoneo
a;positive;0.3125;abile
v;neutral;0.3125;portare_via
v;neutral;0.3125;asportare
v;neutral;0.3125;allontanare
v;neutral;0.3125;levare
v;neutral;0.3125;rimuovere
v;neutral;0.3125;togliere
v;positive;0.3125;avere
v;positive;0.3125;prendere
v;positive;0.3125;trarre
v;positive;0.3125;ricevere
v;positive;0.3125;acquisire
v;positive;0.3125;ottenere
a;positive;0.3125;palese
a;positive;0.3125;ovviare
a;positive;0.3125;lapalissiano
a;positive;0.3125;lampante
a;positive;0.3125;chiaro
a;positive;0.3125;perspicuo
a;positive;0.3125;eclatante
a;positive;0.3125;evidente
n;neutral;0.3125;canale
n;neutral;0.3125;stringere
v;negative;0.3125;oltrepassare
v;negative;0.3125;soverchiare
v;negative;0.3125;superare
n;neutral;0.3125;ordinativo
n;neutral;0.3125;ordinazione
n;neutral;0.3125;ordine
n;neutral;0.3125;aggregare
n;neutral;0.3125;massa
n;negative;0.3125;opposizione
n;negative;0.3125;resistenza
n;neutral;0.3125;categoria
n;neutral;0.3125;corporazione
n;neutral;0.3125;classe
n;neutral;0.3125;ordine
n;neutral;0.3125;associazione
n;neutral;0.3125;onere
n;neutral;0.3125;valore
n;neutral;0.3125;costare
n;neutral;0.3125;prezzo
v;neutral;0.3125;trascendere
v;neutral;0.3125;oltrepassare
v;neutral;0.3125;superare
v;neutral;0.3125;passare
a;negative;0.3125;velenoso
a;positive;0.3125;atto
a;positive;0.3125;adattare
a;positive;0.3125;congruo
a;positive;0.3125;atto a
r;negative;0.3125;veemente
r;negative;0.3125;aggressivamente
n;neutral;0.3125;familiare
n;neutral;0.3125;famigliare
n;negative;0.3125;trapassare
n;negative;0.3125;fino
n;negative;0.3125;morire
n;negative;0.3125;decesso
n;negative;0.3125;scomparire
n;neutral;0.3125;pezzo
n;neutral;0.3125;articolare
a;neutral;0.3125;incoffessato
a;neutral;0.3125;segreto
a;neutral;0.3125;riporre
a;neutral;0.3125;intimare
a;neutral;0.3125;recondito
v;negative;0.3125;vulnerare
v;negative;0.3125;ledere
v;negative;0.3125;offendere
v;negative;0.3125;ferire
n;negative;0.3125;penare
n;negative;0.3125;dolore
n;negative;0.3125;dolore_fisico
n;negative;0.3125;mala
n;negative;0.3125;sofferenza
a;negative;0.3125;insincero
a;negative;0.3125;falsare
a;negative;0.3125;igannevole
a;negative;0.3125;ipocrita
a;negative;0.3125;fingere
a;negative;0.3125;sottile
a;negative;0.3125;esile
a;negative;0.3125;scarnire
a;negative;0.3125;smilzo
a;negative;0.3125;snello
a;negative;0.3125;seccare
a;negative;0.3125;magro
a;neutral;0.416666666667;materiale
r;neutral;0.3125;lentamente
r;neutral;0.3125;tardamente
r;neutral;0.3125;adagiare
r;neutral;0.3125;piare
r;neutral;0.3125;lento
v;neutral;0.3125;passare
a;positive;0.3125;sincerare
a;positive;0.3125;onesto
a;positive;0.3125;leale
a;negative;0.625;scomodare
a;positive;0.3125;fiero
v;neutral;0.3125;passare
r;negative;0.3125;caparbiamente
r;negative;0.3125;cocciutamente
r;negative;0.3125;pervicacemente
r;negative;0.3125;ostinatamente
r;negative;0.3125;accanitamente
v;neutral;0.3125;diminuire
v;neutral;0.3125;calare
v;neutral;0.3125;scemare
v;neutral;0.3125;ridursi
n;negative;0.3125;sbagliare
n;negative;0.3125;fallare
n;negative;0.3125;errore
a;positive;0.416666666667;disponibile
a;positive;0.416666666667;trattabile
a;positive;0.416666666667;abbordabile
a;negative;0.3125;asinesco
a;negative;0.3125;ignorare
a;negative;0.3125;insipiente
v;negative;0.3125;minorare
v;negative;0.3125;ridurre
v;negative;0.3125;diminuire
a;positive;0.3125;efficiente
a;positive;0.3125;efficace
a;negative;1.0;scabro
a;negative;1.0;scabroso
a;negative;1.0;ruvido
v;positive;0.3125;scoprire
v;positive;0.3125;individuare
v;positive;0.3125;verificare
v;positive;0.3125;trovare
v;positive;0.3125;determinare
n;neutral;0.3125;bordare
v;neutral;0.3125;provare
v;neutral;0.3125;sentire
a;negative;0.3125;barbarico
a;negative;0.3125;barbaro
a;negative;0.3125;rozzo
a;positive;0.416666666667;pacare
a;neutral;0.3125;sacro
a;negative;0.3125;durare
a;negative;0.3125;esoso
a;negative;0.3125;gretto
a;negative;0.3125;avaro
a;negative;0.3125;taccagno
a;negative;0.3125;spilorcio
a;negative;0.3125;tirchio
a;negative;0.3125;sparagnino
n;neutral;0.3125;predisposizione
n;neutral;0.3125;propensione
n;neutral;0.3125;disposizione
n;neutral;0.3125;inclinazione
n;neutral;0.3125;attitudine
n;neutral;0.3125;tendenza
n;negative;0.3125;pentimento
n;negative;0.3125;contrizione
n;negative;0.3125;ravvedimento
n;negative;0.3125;rimordere
n;positive;0.3125;scienza
n;positive;0.3125;cognizione
n;positive;0.3125;conoscenza
a;positive;0.3125;plausibile
a;positive;0.3125;verosimile
a;positive;0.3125;credibile
a;negative;0.416666666667;melenso
a;negative;0.416666666667;insulso
a;negative;0.416666666667;limitare
a;neutral;0.3125;indipendente
a;neutral;0.3125;autonomo
a;neutral;0.3125;liberare
a;negative;0.625;piccolo
